Unit: nm2,ADFL,ADFR,ADLL,ADLR,AFDL,AFDR,ALML,ALMR,ALNL,ALNR,AQR,ASEL,ASER,ASGL,ASGR,ASHL,ASHR,ASIL,ASIR,ASJL,ASJR,ASKL,ASKR,AUAL,AUAR,AVM,AWAL,AWAR,AWBL,AWBR,AWCL,AWCR,BAGL,BAGR,DVA,FLPL,FLPR,IL2DL,IL2DR,IL2L,IL2R,IL2VL,IL2VR,OLLL,OLLR,OLQDL,OLQDR,OLQVL,OLQVR,PLNL,PLNR,SAADL,SAADR,SAAVL,SAAVR,SDQL,SDQR,URBL,URBR,URXL,URXR,URYDL,URYDR,URYVL,URYVR,ADAL,ADAR,AIAL,AIAR,AIBL,AIBR,AINL,AINR,AIYL,AIYR,AIZL,AIZR,AVAL,AVAR,AVBL,AVBR,AVDL,AVDR,AVEL,AVER,BDUL,BDUR,DVC,PVCL,PVCR,PVNL,PVNR,PVPL,PVPR,PVR,PVT,RIAL,RIAR,RIBL,RIBR,RIFL,RIFR,RIGL,RIGR,RIH,RIML,RIMR,RIPL,RIPR,RIR,IL1DL,IL1DR,IL1L,IL1R,IL1VL,IL1VR,RIVL,RIVR,RMDDL,RMDDR,RMDL,RMDR,RMDVL,RMDVR,RMED,RMEL,RMER,RMEV,RMFL,RMFR,RMHL,RMHR,SIADL,SIADR,SIAVL,SIAVR,SIBDL,SIBDR,SIBVL,SIBVR,SMBDL,SMBDR,SMBVL,SMBVR,SMDDL,SMDDR,SMDVL,SMDVR,URADL,URADR,URAVL,URAVR,ADEL,ADER,AIML,AIMR,ALA,AVFL,AVFR,AVHL,AVHR,AVJL,AVJR,AVKL,AVKR,AVL,CEPDL,CEPDR,CEPVL,CEPVR,HSNL,HSNR,PVQL,PVQR,RICL,RICR,RID,RIS,RMGL,RMGR,BWM-DL01,BWM-DR01,BWM-VL01,BWM-VR01,BWM-DL02,BWM-DR02,BWM-VL02,BWM-VR02,BWM-DL03,BWM-DR03,BWM-VL03,BWM-VR03,BWM-DL04,BWM-DR04,BWM-VL04,BWM-VR04,BWM-DL05,BWM-DR05,BWM-VL05,BWM-VR05,BWM-DL06,BWM-DR06,BWM-VL06,BWM-VR06,BWM-DL07,BWM-DR07,BWM-VL07,BWM-VR07,BWM-DL08,BWM-DR08,BWM-VL08,BWM-VR08,CANL,CANR,CEPshDL,CEPshDR,CEPshVL,CEPshVR,GLRDL,GLRDR,GLRL,GLRR,GLRVL,GLRVR,excgl
ADFL,,1,1,,1,,,,,,1,1,1,1,,1,,1,,1,,,,1,1,,1,,1,1,1,1,,1,1,1,1,,,,,,,,,,,1,,,,1,1,,1,,,,,1,,,,1,,1,1,1,,1,1,,1,1,1,1,1,1,1,1,,,1,,1,,,1,,,,,1,1,,1,1,,1,1,1,1,1,1,1,1,1,,,1,,,,,,,,,,,,,,,,,,,1,,,,,,1,,1,,1,1,1,,1,,,,,1,,,,,,1,1,,,1,,1,1,,,1,1,,,,,,,1,1,,1,,1,1,1,,,,,,,,,,,,,,,,,,,,,,,,,,,,,,,,,,,,,,,,,,,,,,1
ADFR,1,,,1,,1,,,,,1,1,1,,1,1,1,,1,,1,,,1,1,1,,1,1,1,1,1,1,1,1,1,1,,,,,,,,,,1,,1,,,1,1,1,,,,,,,1,,,,1,,1,,1,1,1,1,1,,1,1,1,1,1,,1,,1,1,1,1,,1,1,1,,,1,1,,1,,1,1,1,1,1,1,1,1,,1,,,1,,1,,,,,,,,,,,,,,,,,,1,,,,,,1,,1,,1,1,1,,1,,,1,,,,,,1,,,1,,1,,1,1,1,1,1,1,1,,,,1,1,1,,1,1,,,1,,,,,,,,,,,,,,,,,,,,,,,,,,,,,,,,,,,,,,,,,,,,,,,1
ADLL,1,,1,1,,,1,,,,1,1,,1,,1,,1,1,1,1,1,1,,,,1,,1,,1,1,,,1,,,1,,1,,,,1,,1,,1,,,,,,1,,,,1,,1,,1,,1,,1,,1,1,1,,1,1,1,,1,,1,1,1,1,1,1,1,,1,,,1,1,,,1,,1,,,,,,1,,1,,,1,,,,1,1,,1,,,,,,,,,,,,,,,,1,,,,,1,,,,1,1,,,,1,,,1,,,1,,,,1,,1,1,1,1,1,1,1,1,1,,,,1,,1,,1,1,1,1,1,,1,,1,,,,,,1,,,,,,,,,,,,,,,,,,,,,,,,,,,,1,,,,,,,,,,,,1
ADLR,,1,1,,,1,,1,,1,1,,1,,1,1,1,1,1,1,1,1,1,,,,1,1,,1,1,1,,,1,,,,1,,1,,,,1,,1,,1,,,1,,1,1,,,,1,,1,,1,,1,,1,1,1,,1,1,1,,1,,1,,1,1,1,1,1,,1,1,1,,1,1,,,,1,,,,,,,1,1,,1,,,,,1,1,,1,,1,,,,1,1,,,,,,,,,,,,,,1,,,,1,,1,,,,,1,1,,,1,,,,,,1,1,,1,1,1,1,1,1,1,,,,,,,1,,1,,1,1,1,,,,1,,,,,,,,,,,,,,,,,,,,,,,,,,,,,,,,,,1,,,,,,,,,,,
AFDL,1,,1,1,,1,1,1,,,,1,1,1,,1,,1,1,1,1,1,1,1,1,,1,,1,,1,1,,1,,,,1,1,1,1,,,1,1,1,1,,,,,,,1,1,,,1,,1,1,1,1,,,,,1,,1,1,1,1,1,1,1,,,,,,1,1,1,1,,,,,,,,,,,,1,,1,,1,,1,,,1,,,,1,1,1,1,1,,,1,,,,,,,,,,,1,,,,,1,1,,,1,1,,,,1,1,,1,1,1,,,,,,,,1,1,,,,,1,,1,,,,1,,1,,,,1,1,,,1,,,,,,,,,,,,,,,,,,,,,,,,,,,,,,,,,,,,,1,,,,,,,,,,,
AFDR,,1,,1,1,,,,,,,1,1,,1,,1,,1,,,,1,1,1,1,,1,,1,1,1,1,,1,,,,1,,1,,,,1,,1,,,,,,,1,1,,,,,,1,,1,,,,,,1,,1,1,1,1,1,,1,,1,,,,,,,,,,,,,,,,,,,1,,1,,,,1,,,1,,,1,,1,,1,,,,1,,,,,,,1,,,,1,,,,,,,,,1,,,,,,1,,,,,,,,,,,,,,,,1,,,,,,,,,,1,,,,,,,1,1,,,,,,,,,,,,,,,,,,,,,,,,,,,,,,,,,,,,,,,,,,,,,,,
ALML,,,1,,,,,,1,,1,,,,,1,,,,1,,1,,,,1,1,,,,,,,,1,,,1,,1,,,,,,,,1,,,,,1,1,,1,,1,,1,,1,,1,,1,,,,,,1,,,,,,1,,1,,1,1,1,,1,,,1,1,1,1,1,,1,,,,,,1,,,,,1,,1,,,1,,1,,,,1,,,1,1,,,1,,,,,,1,1,1,,1,1,,1,1,1,1,,1,,,,1,1,,,,,,1,,1,,1,1,1,1,1,1,1,,,,1,,1,,,,1,,1,1,1,,1,,,,,,,,,,,,,,1,,1,,,,,,1,,,,,,,,,,,,,,,,,,,,,,,,1
ALMR,,1,,1,,,1,,,1,1,,1,,,1,1,,,,1,,1,,,1,1,1,1,1,,,1,,1,1,1,1,,,1,,,,,1,,,1,,,1,1,,1,,1,,1,1,1,1,1,,1,,1,,,,,1,1,,,,1,1,1,1,1,1,1,1,1,1,1,,1,1,1,1,1,1,1,,,,,,1,1,,1,,,1,,1,1,1,1,,1,,,1,1,1,,,,1,,,,,,,,,1,1,1,,1,1,1,1,1,1,,,1,1,,1,1,,,,,,1,1,1,1,1,1,1,1,1,1,1,,,1,1,,1,1,,,1,1,1,,,,1,,,,,,1,,,,,,,,1,,,,,,,,,,,,,,,,,,,,,,,,,,,,,,,1
ALNL,1,,,1,,,1,1,,,,1,1,,,1,1,,1,1,1,,,,,,1,,1,,,,,,1,,,,,,,,,1,1,,1,1,,,,1,1,1,1,1,,1,,1,1,1,1,1,,1,,,,,,1,,1,,1,,1,1,1,1,1,1,,,1,1,,1,1,,,1,1,1,,1,,,,1,1,1,,,,1,,,1,,1,1,,,,1,1,1,1,,1,,1,,,,,1,1,1,1,1,1,1,,1,1,1,,1,1,1,,1,1,1,1,,1,,,1,,1,1,1,1,1,1,,1,1,,1,,,1,,,,,1,1,1,1,1,,1,,,,,,,,,,,,,,,,,,,,,,,,,,,,,,,,,,,,,,,,,,,,,,
ALNR,,,1,1,,,1,1,,,,,,,,1,1,1,,,1,,,,,,,1,,1,,,,,1,,1,,,,1,,,1,1,1,,,1,,,1,1,1,1,,1,,1,1,1,1,1,,1,1,1,,,1,,1,1,1,1,,1,1,1,1,1,1,1,1,1,1,1,,1,1,,,1,1,1,,,1,,,1,1,1,1,1,1,,,,1,,,1,1,,,1,1,1,1,1,,1,1,,,,,1,1,1,1,1,,,1,1,,1,1,1,,,1,1,1,1,1,1,,,,,1,1,1,1,1,1,1,1,,1,1,,,1,1,,1,,,,1,1,1,,1,,1,,,,,1,,,,,,,,,1,,,,,,,,1,,,,,,,,1,,,,,,,,,,,,,,,
AQR,1,1,1,1,,,1,1,,,,,,,,1,1,,1,,1,,,1,1,1,,,,1,,,1,1,1,1,1,,,1,,1,1,,1,,1,1,1,,,1,1,1,1,1,1,1,,1,1,1,1,1,1,1,1,,,1,1,,1,1,1,1,1,1,1,1,1,1,1,1,1,1,1,1,1,1,,1,1,1,1,1,1,1,1,1,1,1,1,1,1,1,1,,,1,1,1,,,1,,1,1,,,,,,,,,,1,1,,1,1,1,1,1,1,1,1,1,1,1,1,1,1,,1,1,1,1,1,1,1,1,1,,1,1,,,1,1,1,1,1,1,1,,1,1,,,,,,1,1,1,1,1,,,,,,,,,,,,,,,,,,,,,,,,,,,,,,,,,,,,,,,,,,,,,,1
ASEL,1,1,1,,1,1,,,,,,,1,1,1,1,1,1,1,1,,1,1,1,1,,1,,1,1,1,1,1,1,,1,,,1,1,1,,,1,1,1,1,,1,,,1,1,1,1,,,,,1,1,1,1,1,,1,1,1,1,1,1,1,1,1,1,1,1,1,1,1,,,1,1,1,,,1,1,,,,1,1,,1,,1,1,1,1,,1,1,1,1,1,,,1,,1,,1,,,1,1,,,1,1,,1,1,,,,1,,,,1,1,,,,,1,,1,1,1,1,1,1,1,1,,,,,1,1,1,,1,1,1,1,1,1,1,,1,1,,,1,,1,1,1,,1,,1,1,1,1,,,,,,,,,,,,,,,,,,,,,,,,,,,,,,,,,,,,,,,,,,,,,
ASER,1,1,,1,1,1,,1,,,,1,,1,1,,1,1,1,,1,1,1,,1,1,1,1,1,1,1,1,1,1,,1,,1,1,1,1,,,1,1,1,1,,1,,,1,1,1,1,,,,,,1,1,1,,1,,1,1,1,1,1,1,1,1,1,1,1,1,1,,1,,1,1,1,,,1,,,,,1,1,,1,1,1,,1,,1,1,1,,1,1,,,1,1,1,1,1,,,1,1,,,1,1,1,,1,,,1,,,,,1,1,1,1,1,1,1,1,1,1,1,1,1,1,1,1,,1,,,1,1,,1,1,1,1,1,1,1,,1,,1,1,1,1,1,1,1,,1,1,1,1,1,1,1,,,,,,,,,,,,,,,,,,,,,,,,,,,,,,,,,,,,,,,,,,,,,1
ASGL,1,,1,,1,,,,,,,1,1,,,1,,1,,1,,1,1,,,,1,,1,,1,1,1,1,1,1,,,,,,1,1,,,1,1,1,1,1,,,,,1,,,,,1,,1,1,1,1,,,1,,1,1,1,1,1,,1,,,,1,,,,1,,,,1,,,,,,,,1,,,1,1,,,1,1,1,1,1,,,1,,1,,,,1,1,1,,,1,1,,,1,1,1,1,,,,,,1,1,,,1,,1,,1,1,,1,1,1,1,,,,1,,1,1,,,1,1,,,,,1,1,,,,1,,,,1,,1,,1,1,1,,,,,,,,,,,,,,,,,,,,,,,,,,,,,,,,,,,,,,,,,,,,,,1
ASGR,,1,,1,,1,1,,,,,1,1,,,,1,1,1,,1,1,1,1,1,,,1,,1,1,1,1,,,,,1,,,,,,1,,1,,,,,1,,,1,,,,1,,1,,1,,,,1,,,1,,1,1,1,,1,,1,,1,,1,1,,,1,1,,1,,,1,,,,1,1,1,1,1,,1,,,,1,,,1,,,1,,1,,,,,,,1,1,1,1,1,1,,,,,,,,,,,,,,1,,,1,,1,,1,1,,1,,,,,,1,1,1,,,1,,1,,,,,,,1,1,,1,,1,1,1,,1,,1,,,,,1,,1,,1,,,,1,,,,1,,,,1,,,,,,,,1,,,,,,,,,,,,,,,,1
ASHL,1,1,1,,,,1,1,,,1,1,,1,,,1,1,,1,1,1,1,1,1,,1,1,1,1,1,,,1,1,,,1,1,1,,,,,1,1,1,1,,,,,,,,1,,1,1,1,1,1,1,1,,1,1,1,1,1,,1,1,1,,1,1,1,1,1,1,1,1,1,,1,1,,1,1,1,,1,1,1,1,1,1,,1,1,1,,,1,1,,,1,1,1,1,,1,,,,,1,,1,1,,1,,,,1,,,1,,1,1,1,,,1,1,1,1,,1,,1,1,,,,1,,,,,1,1,,1,1,1,1,1,1,,,,1,,,,1,1,1,1,1,1,1,1,1,,,1,,,,1,,1,,1,,,,1,,,,1,,,,1,,,,1,,,,1,,,,,,,,,,,,,,,
ASHR,,1,,1,1,1,1,1,,,1,1,1,1,1,1,,1,,1,1,1,1,1,1,1,1,1,1,1,1,1,,1,1,,,,,,1,1,,1,,,1,1,1,,1,,,,,,,1,1,,1,,1,1,1,1,1,1,1,1,1,,1,,1,1,1,1,1,1,1,1,1,1,1,1,1,,1,1,,1,1,1,1,,1,1,1,1,1,1,,,1,,1,,,1,,1,,,1,,,,1,,1,1,,1,,,,1,,,,,,,,1,1,1,1,1,,1,1,1,1,,1,1,,1,1,,,,1,1,,1,1,1,1,1,1,,,,1,,1,1,1,1,1,1,1,1,1,1,1,1,,,1,,,,1,,,,1,,,,1,,,,1,,,,1,,,,,,,,1,,,,,,,,,,,,,,
ASIL,1,,1,1,1,1,,1,,,,1,1,1,1,1,,,1,1,1,1,1,1,1,,1,,1,,1,1,1,1,,,,1,,1,,,1,1,1,1,,,1,,,,,1,1,,,1,1,1,,1,,,1,,,1,1,1,1,1,1,1,1,1,,1,,,1,1,,1,,,,,,,,,,1,1,,1,1,1,1,,1,,,1,1,1,,1,,1,,1,,,1,1,,,1,1,1,1,,,,1,1,,,,,,,,1,1,1,1,1,,1,,1,,1,1,,1,,,1,1,,1,1,1,,,1,,1,,,,,1,,1,1,,,1,1,1,1,1,1,,1,,,,1,,,,1,,,,1,,,,1,,,,1,,,,1,,,,1,,,,1,,,,,,,,,,,,,1
ASIR,,1,1,1,1,1,,,,,,1,1,,1,,,1,,,1,1,1,,1,,,1,,1,1,1,1,,,,,,1,,1,,,,1,,1,,,,,,,1,1,,,,,,1,,1,,,,,1,1,1,1,1,1,1,1,,1,,1,,,,1,,,,,,,,,,,,,,,1,,1,,1,,,,,1,,,,,1,,1,,,,1,,,,,,,,,,,1,,,,,,,,,1,,,,,,1,,,,1,,1,,,,,,1,,,,,1,,1,,,,,1,,1,,,,,,,1,,,,,,,,,,,,,,,,,,,,,,,,,,,,,,,,,,,,,,,,,,,,,,,,
ASJL,1,,1,,,,1,,1,,,1,,1,,1,,1,,,1,1,1,1,,,1,,1,,1,,,,,,,1,,1,,,,1,,1,,,,,,,,1,1,,,1,,1,,1,,,,,,1,1,1,,1,,,,,,,,,,1,,1,,,,,,,,,,,,,,,1,,1,,,,,,,,,,1,,1,,,,,,,,,,,1,,,,,,,,,,1,,,,1,,,,1,1,,,1,,,1,,,,1,,1,1,1,1,1,1,,1,,,,,1,,1,,1,1,1,1,,,,,1,,,,,,,,,,,,,,,,,,,,,,,,,,,,,,,,,,,,,,,,,,,,,,
ASJR,,1,1,1,,,,1,,1,,1,1,,1,1,1,,1,1,,1,1,,,,1,1,,1,,1,,,1,,,,1,1,1,,,1,1,,1,,,,,,,1,1,,,1,1,1,1,1,1,,,1,1,1,1,1,1,,1,1,,,,,1,1,,,1,,1,1,1,,,,,1,,,,,,,,1,1,1,,,,,1,,,,1,1,1,1,,,,,,,,,,,,,,,,,,,1,1,,,1,1,,,1,,1,1,1,1,,,,,,,,1,1,1,1,1,1,,1,,1,,,,,1,1,1,1,1,1,1,,,,,1,1,,,,,,,,,,,,,,,,,,,,,,,,,,,,,,,,,,1,,,,,,,,,,,1
ASKL,,1,1,1,1,,1,,,,,1,1,1,1,1,1,1,1,1,1,1,1,,,,1,1,1,1,1,1,,,,,,1,,1,1,,,1,1,1,1,,,,,,,,1,,,1,1,1,1,1,1,,,1,1,1,1,1,1,1,1,,1,,1,1,1,1,1,1,1,,1,1,1,,1,,,,1,1,1,,,,1,,1,1,,,,1,1,,,1,1,1,1,,,,,,,,,,1,,,,,1,,,,,1,1,,,1,1,1,,,,1,1,,,,,1,,,,1,,1,1,1,1,1,1,1,1,1,,,,,,1,1,1,1,1,1,,1,1,,1,1,,,,,,,,,,,,,,,,,,,,,,,,,,,,,,,,,1,,,,,,,,,,,,1
ASKR,,,1,1,,1,,1,,,,1,1,1,1,1,1,1,1,1,1,1,,,,,1,1,,1,1,1,,,1,,,1,1,1,1,1,1,1,1,1,1,1,1,,,1,,1,1,,,1,1,1,1,1,1,,1,1,1,1,1,1,1,1,1,,1,1,,1,1,1,1,1,1,1,1,,,,,1,1,,,1,1,,,1,,,1,1,,,,1,1,,,,1,1,1,1,1,1,1,1,1,1,1,1,1,1,,,,,,,,,1,,1,1,1,1,1,1,1,1,1,1,1,1,1,1,1,1,1,1,1,,1,1,1,1,1,1,,1,1,1,1,,1,1,1,1,1,1,1,1,,1,1,1,1,1,1,,,,,,,,1,1,,1,,,,,1,1,1,1,,,,,,,1,,,,,,1,,,,,,,,,,,,1
AUAL,1,1,,,1,1,,1,,,1,1,,,1,1,1,1,,1,,,,,1,,1,,1,1,1,1,1,1,1,,,1,1,1,1,1,1,1,1,1,1,1,1,,,1,1,1,1,,,1,1,1,1,1,1,1,1,1,1,1,1,1,1,1,1,1,1,1,1,1,1,1,1,1,1,1,1,,,1,,,,,1,,1,,1,1,1,1,1,,1,,1,1,1,,,1,1,,1,1,1,1,1,1,1,,1,1,,1,,,,1,1,,1,,1,1,1,1,1,1,1,1,1,1,1,1,1,1,1,1,1,1,1,,,,1,1,,,,,1,1,1,,,,1,1,1,1,,,,1,1,,1,1,1,1,1,,,,,,,1,1,,,1,,,,1,1,1,1,,,,,1,,1,,,,,,,,,,,,,,,,,,,1
AUAR,1,1,,,1,1,,,,,1,1,1,1,1,1,1,,1,,,,,1,1,1,,1,1,1,1,1,1,1,1,,,,1,,1,,,,1,1,1,,1,,,1,1,1,1,,,1,,1,1,1,1,1,1,1,1,1,1,1,1,1,1,1,1,1,1,1,1,1,1,1,1,1,1,1,,1,1,1,,1,1,1,1,,,1,1,1,1,1,1,1,1,1,1,,,1,,1,,1,,,1,1,,,,,,1,1,,,1,,1,,,,1,1,,1,1,1,1,,,1,,1,1,,1,1,1,,,,,1,1,,,,1,1,,1,,,1,,1,1,1,,,,,1,1,1,1,1,,,,,,,,,,,,,,,,,,,,1,,,,,,,,,,,,,,,,,,,,,,,,,,1
AVM,,1,,,,1,1,1,,,1,,1,,,1,1,,,,,,,,1,,,,,,,1,,,1,1,1,,,,,,,1,,1,1,1,1,,,1,1,1,,1,1,,,1,,1,1,1,1,1,1,,1,,1,1,1,1,1,,1,1,1,1,1,1,1,1,1,1,1,,1,1,1,1,1,1,1,1,1,1,1,1,1,1,1,1,1,1,1,,,,,1,,,,,1,1,,1,1,1,1,,1,1,1,1,1,,,,1,1,1,1,1,1,1,1,1,1,,1,1,1,1,1,,,,,1,1,,1,,1,1,1,1,1,1,1,1,1,1,1,1,1,,1,,1,1,1,1,1,1,1,,,,,,,,,,,,,,,1,,,,1,,,,,,,,,,,,,,,,,,,,,,,,,,1
AWAL,1,,1,,1,,1,,,,,1,1,1,,1,1,1,,1,,1,1,1,,,1,1,1,1,1,1,,1,1,,,,,1,,,,,,1,,,,,,1,1,1,1,,,,,1,,1,,,,1,,1,1,1,1,,,1,,1,1,1,1,1,,,1,1,1,1,,1,1,1,,,1,,1,1,1,1,1,,1,1,1,,,,1,,,1,1,,1,,,,,1,1,,1,1,1,,,,,,,,,,,1,1,,1,1,,1,1,,1,,1,1,,1,,,,,,,1,1,1,1,1,1,1,,1,1,1,1,,,1,,1,1,1,1,1,1,1,1,1,,,,,,,,,,,,,,1,,1,,,,,,1,,1,,,,,,,,,,,,,,,,,,,,,,
AWAR,,1,,1,,1,,1,,,,,1,,1,1,1,,1,,1,1,1,,1,,1,1,1,1,1,1,1,,1,,,,,,1,,,,1,,1,,,,,1,1,1,1,,,,1,,1,,1,,,,1,1,1,1,1,,1,,1,,1,1,1,,1,1,,1,1,,1,,,,,,,1,1,1,,1,,1,,1,,1,,1,1,,,1,,1,,1,,,1,,,1,1,1,,1,,,,,,,,,,,,1,1,,1,1,,1,,1,1,1,1,,,,,,,,,1,1,1,1,1,1,1,1,1,1,,,,,1,1,1,1,1,1,1,,1,,1,,,,,,,,,,,,,,1,,1,,,,,,1,,1,,,,,,,,,,,,,,,,,,,,,1
AWBL,1,1,1,,1,,,,,,,1,1,1,,1,1,1,,1,,1,,1,1,,1,1,,1,1,,,1,1,,,,,1,,,,,,1,,1,,,,,,,,,,,,1,,1,,1,,1,,1,1,1,1,,,1,1,1,1,1,,1,1,1,,,,1,,,1,,,,1,1,1,,1,,1,,1,1,1,,,,,1,,1,1,,,,,,,,1,1,,,1,,1,1,,1,1,,,,,,,,1,,,,1,1,1,,1,1,1,1,1,,,,,,1,,,1,1,1,1,,1,,,,,,,,1,1,1,,1,1,,,1,,,1,,,1,,,,1,1,,,,,,,1,,,,,,,,,,,,,,,,,,,,,,,,,,,,
AWBR,1,1,,1,,1,,1,,,1,1,1,,1,1,1,,1,,1,,1,1,1,,1,1,1,,,1,1,,1,,,,1,,1,,,,,,1,,1,,,,,,,,,,1,,1,,,,1,,1,1,1,1,1,1,1,1,1,1,1,,1,1,1,1,,,1,,,,1,1,,,1,1,,,,1,,1,1,1,,1,1,,1,,1,1,,1,,,,,,,1,1,,,,1,1,1,1,1,,1,,,,,,1,,1,,,1,1,,1,1,,,,,1,,,,,,1,,1,1,1,1,1,,,,,,1,,1,1,1,,1,1,,,,,1,1,,,,,1,,,,1,,,,,,,,,,,,,,,,1,,,,,,,,,,,,,,,,,,,
AWCL,1,1,1,1,1,1,,,,,,1,1,1,1,1,,1,1,1,,1,1,1,1,,1,1,1,,,1,1,1,,,,1,1,1,1,,,1,1,1,1,,,,,,,1,1,,,1,,,1,1,1,,,,,1,1,1,1,1,1,1,1,1,1,1,1,1,,1,,,,,,,,,,,,,1,,1,1,1,,,,,,,1,,1,,,1,1,1,1,1,,,1,1,,,,1,1,1,1,1,1,1,,,,,,,,1,,,,,,1,,1,,,1,1,1,1,,,,1,1,1,,,,,,1,,,,,1,1,1,,,1,,,,1,,,,,,,1,,,1,,,,1,1,,,,,,,1,,,,,,,,,,,,,,,,,,,,,,,,,,
AWCR,1,1,1,1,1,1,,,,,,1,1,1,1,,1,1,1,,1,1,1,1,1,1,1,1,,1,1,,1,1,,,,1,1,1,1,,,1,1,1,1,,,,,,,1,1,,,,1,,1,1,1,,1,,,1,1,1,1,1,1,1,1,1,1,1,1,,,,1,,,,,,,,,,,,1,,1,1,,1,,1,,,,,1,,1,,1,1,1,1,,1,1,,,1,,,1,1,1,1,1,1,1,,,,,,,,,1,,,,,,1,,1,1,1,1,1,,1,,,,1,1,,,,1,1,1,,,,1,1,1,1,1,,,1,,,1,,,,,,1,,,,,1,,,1,1,,,,,,,,1,,,,,,,,1,,,,1,,,,,,,,,,,,,
BAGL,,1,,,,1,,,,,1,1,1,,1,,,,1,,,,,1,1,,,1,,1,1,1,,1,1,,,1,1,,1,,1,1,,1,1,1,1,,,1,1,1,1,,,1,1,1,1,1,,1,1,,,,1,1,1,1,1,1,1,1,1,1,1,1,1,1,1,1,1,1,,1,1,1,,,,1,1,1,,1,1,1,,,1,1,1,1,1,1,,1,1,1,1,,,1,1,1,1,1,1,1,1,,1,1,1,,1,1,,,,1,1,,1,1,1,1,,1,,,,,1,1,1,,,1,,,,,,,,1,,1,,1,,1,1,,,1,,,,,,,1,,,,1,,,,,,1,,,,,,1,,1,,,,,,,,,,,,,,1,,,,,,,,,,,,,,,,
BAGR,1,1,,,1,,,1,,,1,1,1,1,,,,1,,,,,,1,1,,1,,1,,1,1,1,1,1,,,1,1,,1,1,,,1,1,1,1,1,,,1,,1,1,,,,1,1,1,1,1,1,,,,1,,1,1,1,1,1,1,1,1,1,1,1,1,1,1,1,1,,,1,1,,,,1,,,1,1,,1,1,,,1,1,1,1,1,,1,1,1,1,,1,1,,1,1,1,1,1,1,,1,1,1,1,,1,1,,,1,1,1,,1,1,1,1,1,1,,,,,1,1,,1,1,,,,,,,,,,1,1,,,,1,,1,1,,,,,,,,1,,,,,1,,,,,,1,,,,,,1,,,,,,,,,,,,,,,,,,,,,,,,,,,,,,,
DVA,1,1,,1,,1,1,1,,,1,,,1,,1,1,,,,,,,1,1,1,1,1,1,1,,,1,1,,1,1,,1,,,1,1,,,,,1,1,1,1,1,1,1,1,1,1,1,1,1,1,1,1,1,1,1,1,,,1,1,,,,1,1,1,1,1,1,1,1,1,1,1,1,1,1,1,1,,1,1,1,1,,1,1,1,1,1,,1,1,1,1,1,1,1,1,,,1,,1,1,1,1,1,1,1,1,1,1,,1,1,1,1,1,1,1,1,1,1,1,1,1,1,1,1,1,1,1,,1,1,1,,1,1,1,1,1,1,1,,1,1,1,1,1,1,1,1,,1,1,1,,1,,,1,1,1,1,1,1,1,,,1,,1,,,,,,,,1,,1,,,,,,,,,,,,,,,,,,,,,,,,,,,,,,1
FLPL,,,,,,,,1,,,1,,,,,,,,,,,,,,,1,,,,,,,,,1,,1,,,,1,,,,1,,,,,1,,,1,1,1,1,1,,1,,,,,,,1,1,,1,1,1,,,1,1,,,1,1,1,1,1,1,1,1,,1,1,1,1,1,1,1,1,1,1,,1,,,,1,1,1,1,1,1,,1,,,,,1,,1,1,1,,1,1,1,1,,,1,1,,1,1,1,1,,1,,1,,,1,1,1,1,,1,,,1,,,,,1,1,1,,,,,,1,1,1,1,1,1,1,,1,,1,,,,1,,1,1,1,,1,,,,1,,1,,,,,,,,1,,1,,,,,,,,,,,,,,,,,,,,,,,,,,,,,1
FLPR,,,,,,,,1,,,1,,,,,,,,,,,,,,,1,,,,,,,,,1,1,,,,,,,,,,,,,,,,,,1,,1,1,,,,,,,,,1,1,,1,1,1,,1,,1,,1,1,1,1,1,1,1,1,1,,1,1,1,1,1,1,,,1,1,1,1,,,,1,,1,1,1,1,,,,,,,,,,1,1,1,1,,,1,,1,,,1,1,1,,1,,1,,1,1,1,,1,1,1,,1,1,1,1,,,,,,1,1,,1,,,,1,,1,1,1,1,1,1,,,,,,,1,1,1,,1,,,1,,,,,,,,,1,,,,,,,1,,,,,,,,,,,,,,,,,,,,,,,,,,,,
IL2DL,,,1,,1,,1,,,,,,1,,,1,,1,,1,,1,,1,,,,,,,1,1,1,1,,,,,1,1,,,,,,1,,,,,,1,,,,,,,,1,,1,,,,1,,,,1,,1,1,1,,,,1,,1,,1,1,1,,1,,1,,1,,1,,,1,1,,,1,,1,,1,,1,,,1,1,,1,,,,,,1,1,1,1,,,1,1,1,1,1,1,,,1,1,,,,,,,1,1,1,1,,,1,1,,1,1,1,,,,,1,,1,,,1,,1,,1,1,1,1,1,,,,,1,,1,1,,1,,,1,1,,,1,,,,1,,,,,,,,,1,,,,,,,,1,,,,,,,,,,,,,,,,,,,
IL2DR,,,,1,,1,,,,,,1,1,,,,,,1,,1,,1,,1,,,,,,1,1,1,1,1,,,,,,1,,,,,,1,,,,,1,1,,,,,,,,1,,1,,,,1,,1,1,1,1,1,,1,,1,,1,,1,1,1,,1,1,1,1,1,,,1,,,1,1,1,,,1,,1,,1,1,1,,1,1,,,1,,,,,1,1,1,1,1,,1,1,1,1,1,1,,,,1,,,,,,,,1,1,,1,,1,1,1,1,,1,,,,,,1,1,,,,1,,1,1,1,1,,1,1,,,,,,1,1,,1,,,1,1,1,1,,1,,,1,1,,1,,,,,,,1,,,,,,,,,,,,,,,,,,,,,,,,,,
IL2L,,,1,,1,,1,,,,,1,1,,,1,,1,,1,,1,1,1,,,1,,1,,1,1,,,,,,1,,,,1,,1,,1,,1,,,,,1,1,,,,1,,1,,1,,,1,1,,,,1,1,,1,1,,,,1,,,,,,1,,,,,,,,,,,1,,,,1,,,,1,,1,,,1,,,1,,1,,1,,1,,,1,1,1,1,1,1,1,1,1,,,,1,,,1,,1,,1,1,1,,1,1,,1,1,1,1,,1,,1,,1,,1,1,1,,,,,,,1,1,,,1,,,1,,1,1,1,,1,,,,1,1,1,,1,,,,1,,1,,1,,,,,1,,,,,,,,1,,,,,1,,,,,,,,,,,,1
IL2R,,,,1,,1,,1,,1,,1,1,,,,1,,1,,1,1,1,,1,,,1,,1,1,1,1,1,,,,,1,,,,1,,1,,1,,1,,,1,,1,1,,,1,1,,1,,,,,,1,,1,1,1,1,,,1,,1,,,,1,,,,1,,,,,,,,,,,1,,1,,1,,,,1,1,,1,,1,,,1,,1,,1,,1,,1,1,1,1,1,1,1,1,1,,,1,1,,,,1,,1,1,1,,1,,1,1,1,,1,,1,,1,,1,,1,1,1,1,,,,,,,1,1,,,,,,,1,1,1,,,1,1,,,,,1,1,1,1,,,,,,1,,,,,,,1,,,,,,,,1,,,,,1,,,,,,,,,,,
IL2VL,,,,,,,,1,,,1,,,,,,,,,,,,,,,,,,,,,,,1,1,,,,,1,,,,,,,,1,,,,1,,,1,,,,1,1,,,,1,,1,,,,,1,,,,,,,1,1,,1,,,,,,,1,,,,,1,,1,1,1,,1,,,,1,,1,1,1,1,,1,,1,,,1,,1,1,1,1,1,1,1,1,1,1,1,1,1,1,1,,1,,1,,1,,1,1,1,,,,1,,,,,,1,,,,,,,,,,,,,,,1,,1,1,,,,,,1,1,,,,1,,,1,,,1,1,1,,,1,,,,,,,,,,,1,,,,,,,,1,,,,,,,,,,,,,,,
IL2VR,,,,,,,,,,,1,,,,,,,,,,,,,,,,,,,,,,1,,1,,,,,,1,,,,,,,1,1,,,,1,,,,,1,,,1,,,,1,,1,,,1,,,,,,,,1,,1,,,,,,,,1,,,,,,,1,1,,1,,1,,,,1,1,,1,,1,1,,,,,,1,1,,1,1,1,1,1,1,1,1,1,1,,1,,1,,1,,1,,1,1,1,,1,1,1,,,,,,,,1,,,,,,,,,,,,,1,1,,,1,1,,,,,1,1,,,1,,,,,1,1,,1,1,,,,1,,,,,,,,,,,1,,,,,,,,1,,,,,,,,,,,,,,
OLLL,,,1,,1,,,,1,,,1,1,,,,,1,,1,,1,1,1,,,,,,,1,1,1,,,,,,,1,,,,,1,1,,1,1,,,1,1,1,1,,,1,1,1,,1,,1,1,1,,,,1,1,1,1,,,,,,1,,,1,,,1,,1,1,,,,,,,1,1,1,1,1,1,,,1,,1,1,1,,,,1,1,1,,1,1,1,,1,1,1,1,1,1,1,1,1,1,1,1,,1,1,1,1,1,1,1,1,1,1,1,1,1,1,1,1,1,1,,1,,1,,1,,1,1,1,,,1,,1,1,1,1,,1,1,1,,1,,1,1,1,1,1,1,,,,,1,,1,1,,,1,1,,,,,,,,,,,,1,,,1,,,,,1,,,,,,,,,,,,,
OLLR,,,,1,,1,,,,1,,1,1,,,,,,1,,1,1,1,,1,,,1,,,1,1,,,,,,,,,1,,,1,,,1,,1,,,1,1,1,,,,,1,,1,,1,,1,,1,,1,1,1,1,1,,1,,,1,,,,,1,1,1,,,1,,,,,,,,1,,1,1,1,,,,1,1,1,1,,,,1,1,,1,1,1,1,1,1,1,1,1,1,1,1,1,1,1,1,1,1,1,1,,,1,1,1,1,1,1,1,,1,1,1,1,1,,1,,1,,1,,1,1,1,1,,,,1,1,1,1,1,1,,1,,,,1,1,1,,1,,1,1,1,1,,,1,,1,1,1,,1,,1,,1,,,,,,,,,,,,,,,,,,1,,,,,,,,,,,
OLQDL,,,1,,1,,,,,,,1,1,,,1,,1,,1,,1,,1,,,1,,,,1,1,1,1,,,,1,,1,,,,1,,1,,,,,,1,,,1,,,1,,1,,1,,,,1,,1,,,1,1,1,1,,1,,1,,1,,1,1,,1,1,,1,1,1,,,,,1,1,1,1,1,,1,,1,,1,,,1,1,,1,,,,1,,1,1,1,1,1,1,1,1,1,1,,1,,1,1,1,,1,,,,,1,1,1,1,,,1,1,1,,1,,,,,,1,,1,1,1,1,,1,1,1,1,1,1,1,,,,,1,,1,1,1,1,1,,1,,,,,,,,1,1,,,,,,,,,,,,,,,,1,,,1,,,,,,,,,,,,,,,,
OLQDR,,1,,1,,1,,,,,1,1,1,,,,1,,1,,1,1,1,,1,,,1,,1,1,1,1,1,,,,,1,,1,,,,1,,1,,,,,1,,,,,,,1,,1,,1,,,,1,,1,1,1,1,1,,1,,1,,1,1,1,1,1,1,1,,1,1,,,,,,1,1,1,1,1,,1,,1,1,1,1,1,,1,1,,,1,,,,,,1,1,1,1,1,1,1,1,,1,1,1,1,1,1,1,,,,,,,1,1,,1,,1,,1,1,,1,,1,,,,1,1,1,1,1,1,1,1,1,1,1,,1,1,,,,,1,1,1,1,1,,1,,1,1,,,,,,,,1,,,1,,,,,,,,,,,,,1,,,,,,,,,,,,,,,,,,
OLQVL,1,,1,,,,1,,,,,,,,,1,,,,,,,,1,,,,,1,,,,1,1,1,,,,,1,,1,,1,,,,1,,1,,,,,,,,1,,1,,,,1,,1,,,,,,,1,,,1,,1,,1,1,,1,,1,,,1,1,1,,,1,,1,1,1,,1,,,,1,,1,,,1,,1,,,1,,1,,,1,1,1,,1,1,1,1,1,1,1,1,1,1,1,,,1,,1,,1,1,,,1,1,,,,,,,1,,,,,,,,,,1,,1,1,1,1,,,1,1,,,,,1,1,1,1,,,,,1,1,1,,1,,,,,1,,,,,,,,,,,,,,,,1,,,1,,,,,,,,,,,,,,1
OLQVR,,1,,1,,,,1,,,1,,,,,,1,,,,,,,,1,,,,,1,,,1,1,1,,,,,,1,,1,,1,,,,1,,,,,1,,,,1,1,,1,,,,1,,1,,,1,,1,,,,,1,,1,,1,1,,1,,,,1,1,1,,,,1,1,1,,1,,1,,,,1,1,,,,1,1,,,,1,,1,1,,1,1,1,1,1,1,1,,1,1,1,1,1,1,,,,1,,1,1,1,,1,,1,,1,,,,,,1,,,,,,,,1,,1,,1,1,1,1,,,1,,,,,1,1,,1,1,,,,,1,,,,,,,,1,1,,,1,,,,1,,,,1,,,,1,1,,,1,,,,,,,,,,,,,
PLNL,,,,,,,,,,,,,,1,,,,,,,,,,,,,,,,,,,,,1,1,,,,,,,,,,,,1,,,,1,,,1,,,,,,,,,,,,,,,,1,,,,,,,,1,,,,1,,,,,,,,,,,,,,,,,,,,1,,,1,,,,,,,,,1,,,1,1,1,1,1,1,,,,,,1,,1,1,,,1,,1,,1,1,1,,1,,1,,,1,,,,,1,,,,,,1,,,,,,,,,1,1,,1,,,,1,,1,,1,1,,,,,,,,,,,,,,1,1,,,,,,,,1,,,,,,,1,1,,,,,,,,,,,,,,1
PLNR,,,,,,,,,,,,,,,1,,1,,,,,,,,,,,,,,,,,,1,,,,,,,,,,,,,1,,,,,1,1,,,1,,,,,,,,,,1,,,,,,,,,,,1,,1,,,,,,,,,,,1,,,,1,,,1,,,,,,,,,,,,,,,,,,,1,,1,,1,1,,1,,,,,1,1,1,1,,,1,1,1,1,1,,,1,1,1,,1,1,1,,,,,,1,,,,,,,,,,,,,,,1,1,,,,,,1,,1,1,1,,,,,,,,,,,,,,,1,1,,,,,,,,1,,,,,,,1,,,,,,,,,,,,,,1
SAADL,,,,,,,,1,1,1,,,,,,,,,,,,,,,,,,,,,,,1,1,1,,,1,1,,1,1,,1,1,1,1,,1,1,,1,1,1,1,1,1,,1,,,1,1,1,,1,1,,,1,1,,,,,1,1,1,1,1,1,1,1,1,1,1,1,1,1,,,1,1,,1,1,1,,1,1,,1,1,1,1,1,1,,,,1,1,,1,1,,1,1,1,1,1,1,1,1,,,,1,1,1,1,1,1,1,1,1,1,1,1,1,1,1,1,1,1,,1,1,,,1,,1,1,,,,1,1,,1,1,1,1,1,,,,,1,,,,,1,1,1,,1,1,,,,,,,,,,,,,,,,1,,,1,,,,1,,,,1,,,,1,1,,,,,,,,,,,,,1
SAADR,,,,,,,1,,1,1,1,,,,,,,,,,,,,,,1,,,,,,,1,,1,1,,,1,1,,,1,1,1,,,,,,1,1,1,1,1,1,1,1,,1,,1,1,,1,1,1,,,1,1,,,,,1,1,1,1,1,1,1,1,1,1,,1,1,,,,,,,1,1,,1,1,,1,,1,1,1,1,1,,,1,,1,1,,,1,1,1,1,1,,1,1,1,1,,,,1,1,1,1,1,1,1,1,1,1,1,1,1,1,1,1,1,1,1,1,,,,1,1,1,,,,1,1,1,,1,1,1,1,1,1,,,1,,,,,1,1,1,1,1,1,,,,,,,,,,,,1,,,,1,,,,1,,,,1,,,,1,,,,1,,,,,,,,,,,,,1
SAAVL,,,1,,1,1,1,,1,1,1,1,1,,1,,,1,1,1,1,,1,1,,,,,,,1,1,1,1,1,1,1,,,1,,,,1,1,,,,,,1,1,1,1,1,1,1,1,,,,1,1,,,1,1,,,1,1,1,1,,,,1,1,1,1,1,1,1,1,1,,,1,1,1,,,,,1,,1,1,1,,,,1,1,1,1,1,,,,,,1,,,,1,1,1,1,1,1,1,1,,,,,1,1,1,1,1,1,1,1,1,1,1,1,1,1,,1,1,1,1,1,,1,,,1,1,,1,1,,,,,,,1,1,,,1,,,,,,,1,1,1,1,1,1,,1,,,,,,,,1,,,1,,,,,1,,,1,,,,,,,,1,,,,1,,,,,,,,,,,,1
SAAVR,,,,1,1,1,,1,1,1,1,1,1,1,,,,1,1,1,1,1,1,,1,,,,,,1,1,1,1,1,1,,,,,1,1,,1,,1,,,,1,,1,1,1,1,1,1,,1,,,1,1,,,1,1,,,1,1,1,,,,,1,1,1,1,1,1,1,1,1,,,1,1,1,,,1,1,,,1,1,,,,,1,1,1,1,1,,,1,,,,1,,,1,1,1,1,1,1,1,1,,,,1,1,1,1,1,1,1,1,1,1,1,1,1,1,1,1,1,1,1,1,1,,,,,1,1,1,,1,1,,,1,1,1,1,1,,,,,,,,,1,1,1,1,,1,1,,,,,,,,,,,,,,1,,,,,1,,,1,,,,,,,,1,,,,1,,,,,,,,,,,1
SDQL,,,,,,,1,,1,,1,,,,,1,,,,,,,,,,1,,,,,,,,,1,1,1,,,,,,,,,,,,,,,1,1,1,1,,1,,,1,,,,,,1,,,,1,1,1,,,,,,1,1,1,1,1,1,1,1,1,,1,1,,1,1,1,,1,1,1,,,,1,,,,,1,,1,,,,,1,,,,1,1,,1,1,,1,1,,,,,1,1,1,1,,1,1,,,,,1,,1,1,1,1,1,,1,,,,,1,,,,,,,1,1,,1,1,1,1,,,1,1,,,,,1,1,1,1,1,,,,,1,,,,,,,,1,,,1,,,,1,1,,,,,,,,,,,,,,,,,,,,,,,,,1
SDQR,,,,,,,,1,,1,1,,,,,,,,,,,,,,,1,,,,,,,,,1,1,1,,,,,,,,,1,,,,,1,1,1,1,1,1,,1,1,,,,,1,,1,1,,,1,1,,1,,,,,1,1,1,1,1,1,,1,,1,,1,1,1,1,,1,1,1,1,1,,,,1,,,1,1,1,,,1,,,,1,1,,1,1,1,1,1,1,1,1,,,,,1,1,1,1,1,,1,1,1,1,1,1,1,1,,1,1,1,1,1,,,,,1,1,,1,,,,1,1,,1,1,1,1,1,,1,1,1,,,,1,1,,1,,1,,,,,1,,,,,,,,1,,,,,,,,1,1,,,,,,,,,,,,,,,,,,,,,,,1
URBL,,,1,,,,1,,1,,,,,,,1,,1,,1,,1,1,,,,,,,,1,,,,1,,,,,1,,,,1,,1,,1,,,,,1,1,,,,,,1,,1,,1,,1,,,,,,1,1,,,,,1,1,1,,1,1,1,,1,,1,1,,,,,,1,1,1,,1,,1,,1,,,1,,1,,,1,,1,,,,1,,1,1,1,1,1,1,,1,1,,,1,1,1,,1,1,,1,1,1,1,1,1,1,,,1,1,,,,,,1,,1,,1,1,,1,,1,1,1,,1,1,1,1,,1,,1,,1,1,1,,1,,,,,,1,,1,,,,,,1,1,1,,,,,,1,1,1,,,,,,1,,1,,,,,,,,,,,,,,
URBR,,,,1,,,,1,,1,,,,,,,1,,,,1,1,1,,,,,,,1,,1,1,1,1,,,,,,1,,,,1,,1,,1,,,1,,,1,,1,,,,1,,1,,,,1,,,1,,1,,,,,,1,1,1,1,1,1,,1,,1,1,1,1,,,,,1,1,,1,,1,,1,,1,,1,1,,1,,,,,1,,,,1,1,1,1,1,1,1,,1,1,,,,1,1,1,1,,1,1,1,1,1,1,1,1,1,1,,,1,,,,1,,1,,1,1,,1,,,1,,,1,1,,1,1,1,,,,1,1,1,,1,,1,,,,,,1,,1,,,,,,1,1,1,,,,,,1,1,1,,,,,,,,1,,1,,,,,,,,,,,
URXL,1,,1,,1,,1,,,,1,1,,,,1,,1,,1,,1,,1,,,1,,1,,,,1,1,1,,,1,,1,,1,,1,,1,,1,1,,,,1,,,1,,1,,,,1,,1,,1,,1,,1,1,1,1,1,,1,,1,1,1,1,1,1,1,1,1,,1,1,,,,1,,1,1,1,,1,,1,,1,,1,1,,1,,1,1,,1,,1,,,,,1,,1,,,,1,1,,1,,,1,1,1,1,,1,1,1,1,1,1,1,1,,1,,,1,,1,1,1,,1,,1,1,1,1,1,1,1,1,,1,1,,1,1,,1,1,,1,1,1,1,1,,,,,1,,,,,,,,,,,1,1,,,,,,,,1,,,,,,,,,,,,,,,,,,,,,
URXR,,1,,1,,1,,1,,1,1,1,1,,,,1,,1,,1,,1,,1,,,1,,1,1,1,1,1,1,,,,1,,1,,1,,1,,1,,1,,,,,,,,,,1,,,,1,,1,,1,,1,1,1,1,1,,1,,1,1,1,1,1,1,1,1,1,,,1,1,1,,,,1,1,1,,1,,1,,1,,1,1,,1,,1,1,,1,,1,,1,,1,1,,1,1,,,1,1,,,,1,1,1,1,1,,1,1,,1,1,1,,,1,1,,,1,,1,,1,,1,,1,1,1,1,1,1,1,1,,1,1,,1,,1,1,,,1,1,1,,,,1,,,,,,,,,,,,,,1,,1,,,,,,,,,,,,,,,,1,,,,,,,,,,,,,
URYDL,,,1,1,1,,1,,,,,1,1,,,1,,1,,1,,1,,1,,,1,,,,1,1,1,1,1,,,1,,1,,,,1,,1,,,,,,1,1,1,1,,,1,,1,,1,,,,1,,,,,1,1,1,,,1,,1,1,1,1,1,1,1,1,,,1,1,1,,,,,1,1,,,1,,,,1,,1,1,1,1,,,1,,1,,,,1,1,1,1,,,1,1,1,1,1,1,1,1,,,1,,,,1,1,,1,1,,,,,1,1,,1,,,,,,1,,1,1,1,1,,1,1,1,1,1,1,,1,,,1,1,,1,,1,1,,,1,1,,,1,,1,,1,1,,,,,,,1,,,,,,,,,,,,,,,,,,,,,,,,,,,,
URYDR,,,,1,,1,,1,,,1,1,1,,,,1,,1,,1,1,1,,1,,,1,,,1,1,,1,1,,,,1,,,,,,1,,1,,,,,1,1,1,1,,,,1,,1,,1,,,,1,,1,1,1,1,1,,,,1,1,1,1,1,1,1,1,1,,1,1,1,1,,,,1,1,1,,,,1,,1,,1,1,1,1,1,1,,,1,,1,,,1,1,1,1,,,1,1,1,1,1,1,1,1,,,,1,,,1,1,1,1,,1,,,1,,,1,,1,,,,,,1,1,1,1,,1,1,1,1,1,1,,1,,,,,,1,,1,1,1,,1,1,1,,,,1,,,1,1,,,,,,,,1,,,,,,,,,,,,,,,,,,,,,,,,,,,
URYVL,1,,1,,,,1,,,,1,,,,,1,,,,,,,,1,,,,,1,,,,1,1,1,,,,,,,1,,1,,,,1,,,,1,,,,,1,1,,1,,,,,,1,,,,,1,,1,,,1,,1,1,1,1,,1,,1,,,1,1,1,,,1,,1,1,1,,1,,,,1,,1,1,1,1,,1,,,,,1,,,1,1,1,,1,1,1,1,1,1,1,1,1,,,1,,1,,1,,1,1,1,,1,,1,,,1,,,1,,,,,,,,,,1,,1,1,1,1,,,1,,,,,,1,1,1,1,,,,,1,,,,,,,,1,1,,,,,,,1,,,,,,,,1,,,,,,,,,,,,,,,,,,
URYVR,,1,,1,,,,1,,,1,,,,,,1,,,,,,,,1,,,,,1,,,1,,1,,,,,,,,1,1,1,,,,1,,,,1,,,,,,,,1,,,,,,1,,,1,,1,,,,,1,1,1,1,1,1,,1,,,,1,1,1,,,,1,1,1,,1,,1,,1,,1,1,,1,,1,1,,,,,,1,1,,1,1,1,,1,1,1,1,1,1,1,1,,1,,1,,1,,1,1,1,,1,,1,,1,1,,,,,1,,,,,,,,1,,1,,1,1,1,,,,1,,,,,1,,,1,,,,,,1,,,,,,,,1,,,,,,,,1,,,,,,,,,,,,,,,,,,,,,,,,,
ADAL,1,,1,,,,1,,1,,1,1,,,,1,1,,,,,1,1,,,1,1,,1,,,,,,1,1,1,1,,1,,1,,1,,1,,1,,,,1,1,1,1,1,1,1,,1,,1,,1,,,1,1,,1,1,,,,,1,1,1,1,1,1,1,1,1,1,1,,1,1,1,,1,1,,1,,1,,,,1,,1,,1,1,1,1,1,1,,,,,1,,1,1,,1,,,,1,,,,1,1,1,1,1,1,1,1,,1,1,1,1,1,1,1,,1,1,,1,1,1,1,,1,1,1,,,1,1,,1,1,1,,1,,1,1,1,,1,1,1,,1,1,1,,1,,,,,,,,,,,,,,,,1,,,,,,,,,,,,,,,,,,,,,,,,,,,,,,
ADAR,,1,,1,,,,1,,1,1,,1,,,1,1,,,,1,1,1,,1,1,,1,,1,,,,,1,1,1,,1,,1,,1,,1,,1,,1,,1,1,1,1,1,,1,,1,,1,,1,,1,1,,,1,1,1,,,,,1,1,1,1,1,1,1,1,1,1,,1,1,1,1,,,,1,1,1,,1,,,,1,,,1,1,1,,1,1,,1,,,,1,1,1,1,,,1,1,,,,,,1,1,,1,1,1,,1,1,1,1,1,1,1,,1,1,1,1,1,,1,,1,1,1,,1,,1,1,1,,1,,1,,,,1,,1,1,1,,1,1,1,,,,1,,,,,,,,,,,,,,,,1,,,,,,,,,,,,,,,,1,,,,,,,,,,,,,
AIAL,1,,1,,1,,,,,,,1,1,1,,1,,1,1,1,,1,1,1,,,1,1,1,1,1,1,,1,,,,,,,,,,,,1,,,,,,,,,,,,,,1,,,,,,1,,,1,1,1,1,1,1,,1,,1,,,1,,1,,1,,,,1,1,,1,,,,,,,,,1,,,,,,,,,,1,,,,,,,,,,,,,,,,,,,,1,,,,1,,,,,,,,1,,,,,,,,,,,,1,1,1,1,1,,1,,1,,1,,,,1,,1,1,1,1,1,,1,,1,,,,,,,,,,,,,,,,,,,,,,,,,,,,,,,,,,,,,,,,,,,,,,1
AIAR,,1,1,1,,1,,,,,,1,1,,1,1,1,1,1,1,1,1,1,1,1,,1,1,1,1,1,1,1,,,1,1,,1,,1,,,,1,,1,,,,,,,,,,,,,,1,,1,,,,1,1,,1,1,1,1,1,1,,1,,1,,,1,,1,,,1,,1,1,1,1,,,,,,1,,,,1,,,,,,,,1,,1,,1,,,,,,,,,,,,,,,1,1,,,,,,1,,,,,,,,1,,,,,,,,,,,,1,1,1,1,1,,1,,,,,,1,,1,1,1,1,1,,1,,1,,1,,,,,,,,,,,,,,,,,,,,,,,,,,,,,,,,,,,,,,,,,,,,,
AIBL,1,1,1,,1,,,,,1,1,1,1,1,,1,1,1,1,1,,1,1,1,1,,1,,1,1,1,1,1,1,1,1,1,1,1,1,1,,1,1,1,,1,,1,,,1,1,1,1,1,1,,1,1,1,,1,,1,1,1,1,1,,1,1,1,1,1,1,1,1,1,1,,1,1,1,1,,,1,1,1,,,1,1,,1,,1,1,1,1,,1,1,1,1,1,,,1,1,1,,1,,1,1,1,,1,,,,,1,,,1,1,1,1,1,,1,,1,1,1,1,1,,1,1,1,1,1,1,1,,1,,1,,,1,,1,,1,1,1,1,,1,1,1,,1,1,,1,,1,,1,1,,1,,1,,,,,,,,,,,,,,,,,,,,,,,,,,,,,,,,,,,,,,,,,,,,,
AIBR,1,1,,1,1,1,,,,,1,1,1,,1,,1,1,1,,1,1,1,1,1,1,1,1,1,1,1,1,1,1,1,1,1,,1,1,1,1,,1,1,1,1,,,1,,1,1,1,1,1,1,,,1,1,1,1,1,,1,1,1,1,1,,1,1,1,1,1,1,1,1,,1,1,1,1,1,,,1,1,1,,,1,1,,1,1,1,1,1,,1,1,1,1,1,1,,,1,1,1,,1,1,,1,1,1,,,,1,,1,,,1,1,1,1,1,1,,1,,1,1,1,1,1,,,1,1,1,1,1,,,1,,1,,,1,1,1,1,1,,1,,1,1,1,,,,1,1,,,1,1,1,1,1,1,,,,,,,,,,,,,,,,,,,,,,,,,,,,,,,,,,,,,,,,,,,,,,
AINL,,1,1,1,1,1,1,,1,,,1,1,1,1,,,1,1,1,,1,1,1,1,1,,,,1,1,1,1,1,,,,1,1,,1,,,1,1,1,1,,1,,,,,1,1,1,,1,1,1,1,1,1,,1,,,1,1,1,1,,1,1,1,,1,,1,,,1,,,,,,,,,,,,,,,1,1,1,1,,,1,1,1,,1,,,,1,1,,1,,,1,1,,,,,,1,1,,,1,1,,,,,1,,,1,1,,,,,,,,1,1,1,1,1,,,1,,,,,,,1,,1,,,,,1,1,,1,,,,,,,1,1,,,,,,,,,,,,,,,,,,,,,,,,,,,,,,,,,,,,,,,,,,,,,,,
AINR,1,1,1,1,1,1,,1,,1,,1,1,1,1,,,1,1,,1,1,1,1,1,1,,1,,1,1,1,1,1,1,1,1,1,1,1,,,,1,1,1,1,1,,,,1,1,1,1,,1,1,,1,1,1,1,1,,,,1,1,1,1,1,,1,1,1,,1,1,,1,1,1,,,1,1,,1,1,,,,,1,,1,1,1,1,,1,1,,1,1,1,,,1,1,1,1,,,,1,1,1,,,,,1,1,,,1,,,,,,,1,1,1,1,1,1,1,,1,1,1,1,1,1,1,1,,,1,1,1,1,,,,,1,,1,,,1,1,1,1,1,,,,1,1,1,1,1,,1,,,,,,,,,,,,1,,,,,,,,1,,,,,,,,1,,,,,,,,,,,,,,,,,
AIYL,1,,1,,1,1,,,,,1,1,1,1,,1,,1,1,,,,,1,1,1,1,,1,1,1,1,1,1,,1,,1,,1,,,,,,1,,,,,,,,,,,,,,1,,,,,,,,1,1,1,1,1,1,,1,1,1,,,1,1,,1,,1,1,,,1,1,,1,1,1,,,1,1,1,1,1,,1,1,1,1,1,,,1,1,,,,,,1,,,,,,,,,,,1,,,,,,,1,,1,1,,,1,1,1,,,,,,,,,,,1,1,,,,,,1,1,1,1,1,,1,,,,,,1,,,,,1,1,,,,,,,,,,,,,,,,,,,,,,,,,,,,,,,,,,,,,,,,,,,,,,
AIYR,1,1,,1,1,1,,,,,1,1,1,,1,,1,,1,,,1,1,1,1,1,,1,1,1,1,1,1,1,1,1,1,,1,,1,,,,1,,1,,,,,,,,,,,,,,1,,,,,,,,1,1,1,1,1,1,,1,1,,1,1,1,,,1,,,1,,1,1,,,,1,,,1,1,1,1,,1,1,1,1,1,1,,,1,,1,,1,,,,1,,,,,,,,,,1,,,,,,,,1,,1,,,1,1,1,1,,,,1,,,,,,1,,1,,,,1,,1,1,,1,,,,,,,,,1,,,1,1,,,,,,,,,,,,,,,,,,,,,,,,,,,,,,,,,,,,,,,,,,,,,,,1
AIZL,1,1,1,,1,,,,,,1,1,1,1,,1,1,1,,,,,,1,1,,1,,1,1,1,1,1,1,1,,,,,,,,,,,1,,1,,,,1,1,,,,,,,1,,1,,1,,1,1,1,,1,1,,1,1,1,,1,1,1,1,1,1,1,1,1,,,1,1,,,,1,1,,1,1,1,1,1,1,1,1,1,1,1,1,,,1,1,,,,,,,,,,,,,,1,,,1,,,,1,1,,,,1,1,,1,1,1,1,1,1,,1,1,,,,,1,1,1,,,,1,,1,1,,1,1,,,,,,,1,,,1,,1,,1,,,,,,,,,,,,,,,,,,,,,,,,,,,,,,,,,,,,,,,,,,,,,,
AIZR,1,1,,1,,1,,,,,1,1,1,,1,1,1,,1,,,,,1,1,1,1,1,1,1,1,1,1,1,1,,1,,1,,1,,,,,,1,,1,,,1,1,1,1,,,,,,1,,1,,1,1,1,,1,1,1,1,,1,1,1,,1,,,1,1,1,1,1,1,,1,1,1,,,,1,,1,1,1,,1,,1,1,1,1,,1,,,1,,1,,1,,,,1,,,,,,,1,,,1,1,1,,,,1,,1,1,1,1,1,1,1,1,1,,1,1,1,,1,,,,1,,1,,1,,1,1,1,,1,1,1,,,,1,1,1,,1,,1,1,,,1,,,,,,,,,,,,,,,,,,,,,,,,,,,,,,,,,,,,,,,,,,,,,
AVAL,,,1,,,,1,,1,1,1,,1,,,1,1,1,,,,1,,1,,1,1,,1,,1,1,1,1,1,1,1,1,,1,,,1,,1,1,,1,,,1,1,1,1,1,1,1,1,1,1,1,1,1,1,1,1,1,1,,1,1,,1,,,1,1,1,1,1,1,1,1,1,1,,,1,1,1,,,1,1,1,1,1,1,1,,1,,1,1,1,1,1,1,,1,,,1,,,1,1,1,1,1,1,1,1,,,,,,1,1,1,1,1,1,1,1,1,1,1,1,1,1,1,1,1,1,1,1,1,,,1,1,1,,,,1,,1,1,1,1,1,1,1,1,1,,,1,1,1,,1,1,1,1,1,1,,,,,,,,,,,,,,,,,,,,,,,,,,1,,,,,,,,,,,,,,,,,,,
AVAR,,,1,1,,1,,1,1,,1,1,1,,1,1,1,,1,,1,,,,1,1,,,,1,1,1,1,1,1,1,1,,1,,,1,,1,,,1,,1,1,,1,1,1,1,1,1,1,1,1,1,1,1,1,1,1,1,,1,1,1,1,1,,1,1,,1,1,1,1,1,1,,1,1,,1,1,1,,1,1,1,1,,1,1,1,1,1,,1,1,1,1,1,,1,1,,1,,1,1,,1,1,1,1,1,1,1,1,,,,,1,1,1,1,1,1,1,1,1,1,1,1,1,1,1,1,1,1,1,1,,1,1,,1,1,,,,1,1,1,1,1,1,1,1,1,1,1,,,1,,1,1,1,1,1,1,1,1,,1,,,,,,,,1,,,1,,,,,1,,,,,,,,1,,,,,,,,,,,,,,,,,,,1
AVBL,1,,1,1,,,1,1,1,,1,,,1,,1,1,,,,,1,,1,,1,1,,1,1,1,,1,1,1,1,1,1,,,,,1,,,1,1,1,,,1,1,1,1,1,1,1,1,1,1,1,1,1,1,1,1,1,,,1,,,,1,1,1,,1,1,,1,1,1,1,1,1,1,1,1,1,1,1,1,1,1,1,,1,1,1,1,1,,1,1,1,1,1,1,1,1,,,,,,1,1,1,,,,,1,,,,1,1,,1,1,1,1,1,1,1,1,1,1,1,1,1,1,1,1,1,1,1,1,,1,,,1,1,,1,1,1,1,1,1,1,1,1,,,1,1,1,1,1,,1,1,1,1,1,1,,,,,,,,,,,,,,,1,,,,,,,,,,,,,,,,,,,,,,,,,,,,,,1
AVBR,,1,1,1,,,,1,,,1,,1,,1,1,1,,,,,,1,,1,1,,1,1,1,,,1,1,1,1,1,,1,,1,1,,,,,1,1,1,,,1,1,1,1,1,1,,1,1,1,1,1,1,1,1,1,1,,,1,,,1,1,1,1,1,1,1,,1,1,1,1,1,1,1,1,1,1,1,1,1,1,,1,,1,1,1,1,1,,1,1,1,1,1,1,,1,,,1,,1,1,,,,,1,,,,,,1,1,1,,1,,1,1,1,1,1,1,1,1,1,1,1,,1,1,1,1,1,,1,,1,1,,1,1,1,1,1,1,1,1,,1,,1,1,1,1,1,1,1,1,1,1,1,1,,,,,,,,,,,,,,,,,,,,,,,,,,,,,,,,,,,,,,,,,,,,,
AVDL,,,1,1,,,1,1,,,1,,,,,1,1,,,1,,1,1,1,1,1,,,1,1,1,,1,1,1,1,1,1,1,,,,,1,,1,1,,1,,,1,1,1,1,1,1,1,1,1,1,1,1,,1,1,1,,1,1,1,1,1,,,1,1,1,1,1,1,,1,1,1,1,1,1,1,1,1,1,1,1,1,1,,,1,1,1,1,1,1,,1,1,1,1,1,1,1,,,,1,1,1,,,,,,1,1,,,,,1,,1,1,1,,1,1,1,1,1,,1,,1,,1,1,1,1,1,,,1,,1,1,1,1,1,1,1,1,1,1,1,1,1,1,,1,1,,1,1,1,1,1,1,,1,,,,,,,,,,,,,,,,,,,,,,,,,,,,,,,,,,,,,,,,,,,,,1
AVDR,1,1,1,1,,,1,1,,,1,,,,,1,1,,1,,1,1,1,1,1,1,,,,,,1,1,1,1,1,1,1,1,,,,,,1,1,1,1,,1,,1,1,1,1,1,1,1,1,1,1,1,1,1,,1,1,1,,1,1,,1,1,,1,1,1,1,1,1,1,,1,1,1,1,1,1,1,1,1,1,1,1,,,,1,1,1,1,1,1,,1,1,,1,1,1,1,,,,,1,1,1,,,,1,,,,,,,1,,1,1,,1,,1,1,1,1,1,,1,,1,,1,1,,1,,,1,1,1,1,1,1,1,1,1,1,1,,1,,1,1,1,,1,,1,1,1,1,1,1,1,,,,,,,,,,,,,,,,,,,,,,,,,,,,,,,,,,,,,,,,,,,,,,1
AVEL,,1,1,,,,1,,,,1,,,,,1,1,,,1,,,,1,,1,,,,,,,1,1,1,1,1,1,,1,,,,,1,,1,,1,,,1,1,1,1,1,,1,,1,1,1,1,,1,1,1,,1,1,1,,,,1,1,1,1,,1,1,1,1,,1,1,,1,1,1,,,1,1,1,1,,1,1,1,1,,1,1,1,1,1,,,1,1,1,1,1,,1,1,1,1,1,1,,1,1,1,,1,1,1,1,1,,1,1,1,1,,1,1,1,1,1,1,1,1,1,1,1,,,,,1,1,1,1,1,1,1,1,,1,1,1,1,1,1,1,1,1,,1,1,,1,1,1,1,1,1,,,,,,,,,,,,,,,,,,,,,,,,,,,,,,,,,1,,,,,,,,,,,,
AVER,1,1,,,,,,1,,,1,,,,,,1,,,,1,,,1,1,1,,,,1,,,1,1,1,1,1,,1,,1,,,1,1,1,1,1,,,,1,1,1,1,1,1,,1,1,1,1,1,1,,1,1,1,,1,1,,,1,,1,1,1,1,1,1,1,1,1,,,1,1,1,1,,1,1,,,1,1,,1,1,1,1,1,1,1,1,1,,,1,1,1,1,1,1,,1,1,1,1,,1,1,1,1,1,,1,1,1,1,1,1,1,1,1,1,,1,1,1,1,1,1,1,1,1,1,,,,,1,1,1,1,1,,1,,1,1,1,1,1,1,1,1,1,1,,,,1,1,1,1,1,1,1,,,,,,,,,,,,,,,,,,,,,,,,,,,,,,,,,,1,,,,,,,,,,,
BDUL,,1,,,,,1,1,,,,,,,,1,1,,,,,,,,,1,,,,,,,,,1,,,1,1,,,,,,,1,,,,,,1,,,,1,,1,,1,,,,,,1,,,,,,,,1,,,1,,1,1,1,1,1,1,,,1,,1,1,1,1,1,1,1,,,,,,1,1,1,,,1,,,,,1,1,1,,,,,1,,,,,,1,,,,1,,1,,,,,1,,,1,1,1,,1,1,,,,,1,1,1,,,1,1,1,,,1,1,1,1,1,1,,1,,1,1,1,,1,,1,,1,,1,,1,,1,,,,,,,,1,,,,1,,,,1,,,,1,,,,1,,,,,,,,,,,,,,,,,,,,1
BDUR,,,,,,,,1,,,1,,,,,,1,,,,1,1,,,,1,,,,,,,,,1,1,1,,1,,,,,,,,1,,,,,1,1,,,,1,,1,,,,1,,,,1,,1,,,,,,1,,,,,1,1,1,1,,1,1,,,1,1,1,1,,1,1,,,,,,1,1,,,,,1,,,,,1,,1,,,,,,,,,,,,,,,,,,,,,,,,1,1,,1,,,1,,,,,,1,,,,1,1,1,,1,1,1,1,1,1,,,,,1,,1,1,1,,1,1,1,,1,,1,,,,,,,,,,,,1,,1,,,1,1,,,,,,,,,,1,,1,,,,,,,,,,,,,,,1
DVC,,,,,,,,,,,1,,1,,,,,,,,,,,1,1,,,,,,,,1,1,1,1,1,1,1,,,1,1,1,1,1,1,1,1,,,1,1,1,1,1,,1,1,1,1,1,1,1,1,1,1,,,1,1,,,,,1,1,1,1,1,1,1,1,1,1,,,,1,1,,,1,1,,1,,1,1,1,,,1,1,1,1,1,,,1,1,1,,,1,1,1,1,,,,1,,,1,1,1,1,1,1,,1,1,1,1,1,,1,,1,1,1,1,1,1,1,,1,,1,1,1,1,1,,1,,,,1,,,,1,1,1,1,1,1,,,,,,1,1,1,1,1,1,,,,,,,,,,,,,,,,,,,,,,,,,,,,,,,,,,,,,,,,,,,,,1
PVCL,,,1,1,,,1,1,,,1,1,,,,1,1,,,,,,,,1,1,1,,1,1,,,1,1,1,1,1,,1,,,,,,,1,,1,1,,,1,,1,1,1,1,1,1,1,1,1,1,1,1,1,1,1,1,1,1,,,1,1,1,1,1,1,1,1,1,1,1,1,1,1,1,,1,,,1,1,1,1,,,,,1,1,1,1,1,1,1,,,1,,1,,,,,1,,,1,,,,1,,,,,,1,,1,1,1,1,1,1,1,1,1,1,1,1,1,,1,,,1,1,,,1,1,1,1,,,,1,1,1,1,1,1,1,,,1,1,,1,,,1,1,1,1,1,1,,,,,,,,,,,,,,,,,,,,,,,,,,,,,,,,,,,,,,,,,,,,,1
PVCR,,,1,1,,,1,1,,,1,,,,,1,1,,,,,,,,,1,,,,1,,,1,,1,1,1,1,,,,,,,,1,,1,1,,,,,1,1,,1,,1,,1,1,1,1,1,1,1,1,1,1,1,,,1,1,,1,1,1,1,1,1,1,1,1,1,1,1,1,,1,1,1,1,1,1,,,,,1,1,,,,1,1,1,,1,,,,,,,1,1,,1,,,1,1,,,,,,1,,,,1,1,1,1,1,1,1,,1,,1,1,1,1,1,1,,,,1,1,,1,,,1,1,1,1,1,1,1,,,1,1,1,,,,1,1,1,1,1,1,1,,,,,,,,,1,,,,,,,,,,,,,,,,,,,,,,,,,,,,,,,,,,,,1
PVNL,,,,,,,1,1,,,,,,,1,1,,,,,,,1,,,1,,,,,,,,,,1,1,,,,,,,,,,,,,,1,,,,,1,1,,,,,,,,,,,,1,,,,,,,,,,,1,1,1,1,,,1,1,,,1,,1,,,1,,,,,,1,1,,,,1,,,,,1,1,,,,,,,,,1,,,,,,,,,,,,,,,1,,,1,1,,,,1,,,,,1,1,,,1,,,1,,1,1,1,,1,1,,,,1,1,1,1,1,1,1,1,,1,1,1,1,1,,,,,,,,,,,,,,1,,,,,,,1,1,,,,,,,,,,,,,,,,,,,,,,,1
PVNR,,,,,,,1,1,,,1,,,,,,1,,,,1,,,,1,1,,,,,,,,,1,1,1,1,1,,,,,,,,,,,,,1,,,,1,1,,,,,,,,,1,,1,1,,,,,1,,,,,1,1,1,1,1,,1,1,1,,,1,1,,1,1,1,,,,,,1,1,,,,1,,,,,1,1,,1,,,,,,,,,,,,,,,,,1,,,,,1,,1,1,1,,,,,,,,,1,1,,,,1,1,1,,1,1,1,1,1,1,,,,1,,,1,1,1,1,1,,1,1,1,1,1,,,,,,,,,,,,,,,,1,,,,,,,,,1,,,,,,,,,,,,,,,,,,,,1
PVPL,1,1,1,,,,1,,,,1,1,,,,1,1,,,,,,,1,,1,1,,1,1,,,,1,1,1,,,,,,1,,,,,,1,,,,1,,,1,1,,,,1,,,,1,,1,,,,1,1,,,1,,1,,1,1,1,1,1,1,1,1,1,,1,1,1,,1,,1,,,1,,,,1,1,1,,,1,1,,,1,,,,,1,,,1,,,,,,,,,,,1,,,,1,,1,,,,1,1,1,,1,,,1,1,1,,,1,,1,,,,,,1,1,1,1,1,1,1,,,,,,,1,,,1,1,1,1,1,,,,,,,,,,,,,,,,,,,,,,,,,,,,,,,,,,,,,,,,,,,,,,1
PVPR,1,1,,1,,,,1,,,1,,1,,,1,1,,,,,,,,1,1,,1,1,1,,,1,,1,1,,,,,,,,,,,1,,1,,,,,,1,,1,,,,1,,1,,1,,1,,,1,1,,,1,1,1,1,1,1,1,1,1,1,1,,1,1,1,1,1,,1,1,,1,1,,1,,,1,1,1,1,1,,1,,,1,,,,,,,,1,,,,,,,,,,,,1,,,,1,,1,1,1,1,1,,1,1,1,1,,,,,,,1,1,1,,,,,,1,1,1,1,1,1,1,,,,1,,,,,1,1,,1,,1,,,,,,,,,,,,,,,,,,,,,,,,,,,,,,,,,,,,,,,,,,,,,
PVR,,,,,,,1,1,,,1,,,,,,,,,,,,,,,1,,,,,,,,,1,1,1,1,1,1,,1,,,,1,1,1,1,,1,,1,1,,1,1,1,1,1,1,1,1,1,1,1,1,,,,,,,,,,,1,1,1,1,1,1,1,,1,1,,1,1,1,1,,1,,,,,,,1,1,,,1,,,1,1,,1,1,1,,1,1,1,1,1,,1,1,,,,,,,,1,1,1,,,,1,1,1,1,1,1,1,1,1,,,1,,1,1,1,1,1,1,1,1,,,,1,1,1,1,,,,1,1,1,1,,1,,1,1,1,1,1,1,1,1,1,1,1,1,,1,1,1,1,1,1,1,1,1,1,1,,1,1,1,1,1,1,1,,,1,1,1,1,1,,,,,,,,,,,,,1
PVT,,,,,,,,,,,1,,,,,,,,,,,,,,,,,,,,,,1,1,,1,1,1,1,,1,1,1,1,1,1,1,1,1,,,1,1,,,1,1,1,1,1,1,1,1,1,1,,1,,,1,1,,,,,1,1,1,,1,,1,,1,1,,,1,1,1,,,,1,,,,,1,1,,,1,1,1,1,1,,,1,1,1,,,1,1,1,1,,,1,1,,,1,1,1,1,1,1,,1,,1,,1,,1,,1,1,1,1,1,1,1,1,1,,1,1,1,1,1,,,,,,1,,,,1,1,1,1,1,1,1,,,,,,1,1,1,1,1,,,,,,,,,,,,,,,,,,,,,,,,,,,,,,,,,,,,,,,,,,,,,1
RIAL,1,,,,1,,,,1,,1,,1,,,1,,1,,,,,,1,,,,,1,,1,1,,1,1,,1,,,,,1,,1,,1,1,1,,,,1,,1,1,1,1,1,,1,,,,1,,1,,,,,1,1,1,1,1,1,1,1,1,,1,,,,1,,,,,,,,1,,,,,1,1,,1,,1,,1,1,1,,,1,,,1,1,1,,1,1,1,1,1,1,1,1,1,,,1,1,1,1,1,1,1,1,1,1,1,1,1,1,1,1,1,1,1,1,1,,,1,,1,,,,,,,,1,,,1,1,,1,1,1,1,,,,,,1,1,1,1,1,,,,1,,,,,,1,,1,,1,,1,1,1,,1,,1,,1,1,,,1,,,,,,,,,,,,,,,,,1
RIAR,,1,,,,1,,,,1,1,1,1,,,,1,,1,,,,,,1,,,1,,1,1,1,1,,1,1,1,,,,1,,1,1,1,,1,,1,,,,1,1,1,,1,,1,,1,,,,1,,1,,1,1,1,1,1,1,1,1,1,1,1,1,,,,1,,,,1,,,,,,1,,,1,,,1,,1,,1,1,,1,,,1,,1,1,1,,1,1,1,1,1,1,1,1,1,1,,,1,1,1,,1,1,1,1,1,1,1,1,1,1,1,1,1,1,1,1,1,,,,1,,1,,,,,,1,,,,1,,1,1,1,1,1,,,,,1,1,,1,1,1,,,,,,,,,,,1,1,1,,1,,1,,1,,1,,1,,1,1,1,1,,,,,,,,,,,,,,,,,
RIBL,1,1,,,1,,,,,,1,1,,1,,,,1,,1,,1,,1,1,,1,,1,,1,,1,1,1,,,1,,1,,1,,1,1,1,,1,,,,1,1,1,,,,1,,1,,1,,1,,,,,,1,1,1,1,1,1,1,,1,1,1,1,1,1,1,1,,,1,,,,,,,,1,1,,,1,,,1,1,1,1,1,,,1,1,,1,,,1,1,1,,,1,1,1,,1,1,,1,1,1,,,1,1,1,,1,,1,1,1,,,,1,1,1,1,1,,1,,,,,,,,,,,,,1,1,1,1,,1,,,,,,,,1,1,1,,,,,,,,,,,,,,,,,,,,,,,,,,,,,,,,,,,,,,,,,,,,,,
RIBR,1,1,,,,1,,,,,1,,1,,,,1,,1,,1,,,1,1,1,,1,,1,,1,1,1,1,,,,1,,1,,1,1,1,,1,,1,,,1,,,,,,,1,,1,,1,,1,,,,,1,1,1,1,1,1,1,1,,1,1,1,1,1,1,1,,,1,,,,,,,,1,,1,1,,,,,1,1,1,1,,,1,,1,,1,,1,,1,,1,1,1,,1,1,,1,1,1,1,,,1,1,,1,1,1,1,1,,1,,1,1,1,1,1,,,,1,,,,,,,,,,,,1,1,1,,1,,1,,,,,,,1,1,,1,,,,,,,,,,,,,,,,,,,,,,,,,,,,,,,,,,,,,,,,,,,,,
RIFL,1,1,1,,,,1,,,,,1,,,,1,1,,,1,,1,1,1,,1,1,,1,1,,,,,1,,,1,,,,,,,,1,,,,,,,1,,,1,,1,,1,,,,,,1,,1,,1,,,,1,,1,,1,1,1,1,1,1,1,1,1,1,,1,1,1,1,1,1,1,,1,,,,,1,1,,,1,,,,1,1,,1,,,,,,,1,,,,,,,,,,,,,,1,1,,1,,,1,,1,1,,,,,,1,,,,1,,1,1,1,1,1,1,1,1,1,,1,,1,,1,,1,1,1,,1,,1,1,1,,1,,,,,,,,,,,,1,,,,,,,,,,,,,,,,,,,,,,,,,,,,,,,,1
RIFR,1,1,,1,,,,1,,,,,1,,,1,1,,1,,1,1,1,,1,1,1,1,1,1,,1,,,,1,1,,1,,,,,,,,1,,,,,1,,,,,1,,1,,1,,1,,1,,1,,1,,1,,1,,1,1,1,,,1,1,1,1,,1,1,1,,1,1,1,1,1,1,1,,,1,,,1,,,,,,1,,,1,,1,,1,,,,,,,,1,,,,,,,,,,,,,,,,,,,1,,,1,,,,,,1,,,,1,1,1,,1,1,1,1,1,1,,,,,1,,1,1,1,,1,1,,,1,,1,,,,,,,,,,,,,,1,,,,1,,,,,,,,,,,,,,,,,,,,,,,,,,,1
RIGL,1,,1,,1,,,,1,,1,,,,,,,,,,,,,1,,1,1,,1,,,,1,1,1,1,,1,,1,,1,,1,,1,1,1,,1,,1,1,1,1,,,1,,1,,1,,1,,1,,,,1,1,1,1,1,1,1,1,1,1,,1,1,1,1,1,1,,1,1,,,,1,1,,1,1,,1,,1,,,1,1,1,1,,,1,1,,,,1,,,1,,,1,,,,1,1,,1,1,1,1,1,1,,1,,1,,1,,1,1,1,1,1,,1,1,1,,1,,1,1,1,,,,1,,1,1,,1,1,1,1,,1,,,,,,1,,1,1,1,,,,,,,,,,,,,,,,,,,,,,,,,,,,,,,,,,,,,,,,,,,,,,1
RIGR,,1,,1,,1,,,,1,1,,,,,,,,,,,,,,1,1,,1,,1,,,1,1,1,1,1,,1,,1,,1,,1,,1,,1,,,1,1,1,1,,,,1,,1,,1,,1,,,,,1,1,1,,1,1,1,1,1,1,1,,1,1,1,1,,,1,1,,,,,1,,1,,1,1,1,,,1,,1,1,1,,,1,,1,,,,1,1,,,,1,,,1,1,,1,1,1,1,1,1,,1,,1,1,,1,1,1,1,1,1,,1,1,1,,1,,1,1,1,,,,,,1,,1,,1,1,1,,1,,,,,,,1,,1,1,,1,,,,,,,,,,,,,,,,,,,,,,,,,,,,,,,,,,,,,,,,,,,,,1
RIH,1,1,,,,,,,,,1,,,,,,,,,,,,,1,1,1,,,,1,,,1,1,1,1,1,1,1,1,1,1,1,1,1,1,1,1,1,,,1,1,1,1,,1,,,1,1,1,1,1,1,1,1,,,1,1,1,1,1,1,1,1,1,1,1,1,,,1,1,,,1,1,,,,,1,1,1,1,1,1,1,,,1,1,1,1,1,1,1,1,1,1,,,1,1,1,1,1,1,1,1,1,1,1,1,1,1,1,1,1,1,1,1,,1,,,1,1,1,1,1,1,1,1,1,1,1,1,1,1,1,1,,,,,,1,1,1,1,1,1,1,1,1,1,1,,,,,1,,,1,,,1,,1,1,,,,,1,,1,1,,,,,,,,,,,,,,,1,,,,,,,,,,,,,,,,,,1
RIML,1,,1,,1,,1,,,1,,,,,,1,,1,,,,1,,1,1,1,,,,,1,,1,1,1,1,1,,1,,,1,,1,1,,1,,,,,1,1,1,1,1,1,1,1,1,,1,1,1,,1,1,,,1,1,,1,1,1,1,,1,1,1,1,1,1,1,1,1,,1,1,1,1,1,1,,,1,1,,1,1,1,,1,1,1,,1,,,1,,1,1,,1,,1,1,,,1,1,,1,1,,,1,1,1,1,1,1,1,1,1,1,1,1,1,1,,1,,1,1,1,1,,,1,,,1,,,,,1,,1,1,1,1,1,1,,1,,1,1,,1,,1,1,1,1,1,1,,,,,,,,,,,,,,1,,1,,,,,,1,,1,,,,,,1,,1,,,,,,,,,,,,,
RIMR,1,1,,,,1,,,1,,1,,1,,,,1,,1,,1,1,1,1,1,1,,1,,1,,1,1,1,1,1,1,,,,,1,1,1,1,,,,,,,1,1,1,1,,1,,1,,1,1,1,1,1,1,1,,,1,1,1,1,1,1,1,1,1,1,1,1,1,1,1,1,,1,1,1,1,,,1,1,,1,1,1,1,1,,1,1,1,1,1,,,,1,,1,,,,1,1,1,,,1,1,1,,1,,,1,1,1,1,1,1,1,1,1,1,1,1,1,1,1,1,1,1,1,1,1,,,1,1,1,1,,,,1,1,1,,1,1,1,1,1,1,,1,,,1,,1,1,1,,1,1,1,,,,,,,,,,,,,1,,1,,,,,,1,,1,,,,,,1,,1,,,,,,,,,,,,,,
RIPL,,,,,,,1,,,,,,,,,,,,,,,,,,,,,,,,,,1,,1,,,1,1,1,,1,,,,1,1,1,,,,,,,,1,,1,,1,,1,1,1,,1,,,,,,,,,,,,1,,1,1,1,,,,,,,,1,,,,,1,,,,,,,,,,1,,,1,1,,1,1,1,,1,,1,,1,,,,1,1,1,1,1,1,,,1,,,,,,,,,1,,,,,,,,,1,1,1,,,,,,,,,,,,1,,,,1,,1,,,,,,1,1,1,,,,1,1,1,,1,,1,,,1,1,,,,,,,,,,,,,,,,,,,,,,,,,,,,,,,,,,
RIPR,,,,1,,,,1,,,,,,,,,,,,,,,,,,,,,,,,,,,1,,,1,1,,1,,1,,,1,1,,1,,,,,,,,,,1,,1,,1,,1,1,1,,,,,,,,,,,,1,1,1,1,1,,,,,,,,,,,,1,,,,,,,,,,1,,,1,1,,1,1,,,,1,1,1,1,1,,,1,1,1,1,1,1,,,,,,,,,,1,1,1,1,,,1,,,,,,1,,1,,,,,,,,,,1,,,,,1,1,,1,,,,,1,1,,,,,1,1,,1,,1,,1,,,,1,,1,,1,,,,,,,,1,,,,,,,,,,,,,,,,,,,,,
RIR,1,1,1,1,1,1,,,,,1,1,1,,,1,1,,,,,,,1,1,,1,1,1,1,,,1,1,1,,,,,,,1,1,,,,,1,1,,,,1,,1,,1,,,1,1,,,1,1,1,1,,1,1,1,,,1,1,1,1,1,1,1,1,1,1,1,1,,,1,1,1,,,1,1,,1,1,1,1,1,1,1,1,1,1,1,1,,,,,,,,1,,1,1,1,1,,,,,,,,1,1,1,,1,1,1,,,,1,1,1,1,1,1,1,1,,,,,,1,,1,,,,,,,1,1,1,1,,1,1,,,,1,,1,,,,1,1,1,1,1,,,,,,,,,,,,,,,,,,,,,,,,,,,,,,,,,,,,,,,,,,,,,1
IL1DL,,,1,,1,,1,,,,1,,1,,,1,,1,,1,1,1,1,1,,,1,,1,,1,1,1,1,,,,1,,1,,,,1,1,1,,,,,,1,,,,,,1,,1,,1,,,,,,1,,1,1,1,1,1,,1,,,,1,,1,1,1,1,1,,1,,,1,1,,,1,1,,,1,,1,,1,,1,,,1,1,,,1,1,,1,,,,1,1,,,1,1,1,1,1,1,,1,,,,,,,,,1,,,1,,,,1,1,1,1,,1,,1,,1,1,1,,1,1,,1,,1,1,1,1,,,,,,1,,1,,,1,,,1,1,,,1,,,,1,1,,,1,,,,,,,,,,,,,,,,,,,,,,,,,,,,,,,,
IL1DR,,1,,1,,1,,1,,,,1,1,,,,1,,1,,1,1,1,,1,,,1,,1,1,1,1,1,,,,,1,,1,,,1,1,,1,,,,,1,1,,,,,,,,1,,1,,,,1,,1,1,1,1,1,,1,,1,,1,,1,1,1,1,1,1,1,1,1,,1,1,,,1,1,,1,,1,,1,,1,1,1,1,1,1,,1,1,,1,,1,,,1,1,,,1,1,1,1,1,1,1,1,,,,,,,,,,,1,,,,1,,,1,,1,,1,,1,,1,1,,1,,1,,1,1,1,1,,1,,,,,,1,,1,1,1,,,1,1,,,,1,,,1,1,,,,1,,,,,,,,,,,,,,,,1,,,,,,,,,,,,,,,
IL1L,,,1,,1,,1,,1,,,,1,,,,,1,,1,,1,1,1,,,,,,,1,1,1,,,,,,,1,,,,1,,,,1,,,,,1,1,,1,,1,,1,,1,,,,,,,,,,,1,,,,,1,,,,,,1,1,1,,,,,,,,,1,,1,1,1,,1,,,,,1,,1,,,1,,,,1,,1,,1,1,1,1,1,1,1,1,1,1,,1,,1,1,,1,,1,,1,1,,,1,,,1,1,,1,,1,,1,,,,1,1,1,,,,,,,,1,,1,,,,1,,1,1,1,,1,,1,,,,1,,1,,,,,,1,,1,,,,,,,,1,,,,,,,,,,,,,,,,,,,,,,
IL1R,,,,1,,1,,1,,1,,1,1,,,,,,1,,1,,1,,1,,,,,,1,1,,1,,,,,,,1,,,,1,,,,1,,,1,,,1,,1,,1,,1,,1,,,,,,1,1,1,1,,,1,,1,,1,,,,,1,1,,1,,,,,1,,,,,1,1,,1,,1,,,,,,,,,,1,,,,1,,1,1,1,1,1,1,1,1,1,1,1,1,,1,1,,,,1,,1,1,1,,1,,1,1,,,1,,1,,1,,1,,1,1,,1,,,,,,,,,1,,1,,,,1,1,1,,,,1,1,,,1,,1,,1,,,,,,1,,1,,,,,,,,,,,,,,,,,,1,,,,,,,,,,,
IL1VL,,,,,,,,,,,1,,,,,,,,,,,,,,,,,,,,,,,1,1,,,,,1,,1,,1,1,1,,1,,1,,1,,,,,1,,,1,,,,1,,1,,,,,1,,,,,,,,1,,1,,,,1,,,1,,,,,1,,1,1,1,,,,,,1,,1,1,,1,,1,1,,1,,,1,,1,1,1,,1,1,1,1,1,1,1,1,1,1,,1,,1,,1,,1,1,1,,1,,1,,,1,1,,1,,,,,,,,,,,,,,,1,,,1,,,,,,1,1,,,,,,,1,,,,1,,,,1,,,,1,,,,,,,,,,,,,,,,,,,,,,,,,,,,,,
IL1VR,,,,,,,,,,,,,,,,,,,,,,,,,,,,,,,,,1,,1,,,,,,1,,1,1,1,,,,1,,,,1,,,,,,,,1,,,,1,,1,,,1,,,,,,,,1,,,,1,,1,,,,1,,,,,,,1,1,,1,1,1,,,,1,1,,1,,1,,,1,,1,1,,1,,1,1,,,1,1,1,1,1,1,1,,,1,,1,,1,,1,1,1,,1,,1,1,1,,1,,,,1,,,,,,,,,,,,,1,1,,,,1,,,,,1,1,,,,,,,,1,,,,1,,,,1,,,,1,,,,,,,,,,,,1,,,,,,,,,,,,,,,,,
RIVL,,,,,1,,1,,1,1,1,,1,,,,,1,,,,,,1,,,,,,,,1,1,1,1,1,1,1,1,1,,,1,1,,1,,,1,,1,1,1,1,1,1,1,1,,,,1,1,,1,1,1,,,1,1,1,1,1,,,,1,1,1,1,1,1,1,1,,,1,1,1,,,,,1,1,1,1,1,,,,,1,1,1,1,1,1,1,,,1,,,1,,1,1,1,1,1,1,1,1,,,1,1,1,1,1,,1,1,1,1,1,1,1,1,1,,1,1,1,1,1,1,1,,1,1,1,,,,,,1,,1,,1,1,1,1,1,,1,,,,,1,1,1,1,,1,1,,,,,,,,1,,1,1,,,,1,1,1,1,1,,,,1,1,1,1,1,,,,1,,,,,,,,,,,,,1
RIVR,,,,1,,1,,1,1,1,1,1,,,,,,,1,,,,,,1,,,,,,1,,1,1,1,1,1,1,1,,1,1,,,1,1,1,1,,1,,1,1,1,1,1,1,,1,,1,1,1,1,,1,1,,,1,1,1,1,,1,,1,1,1,1,1,1,1,1,1,1,,1,,1,,,1,1,1,1,1,1,1,1,,,1,,1,1,1,,1,1,,,,1,1,,1,,1,1,1,1,1,1,1,,,1,1,1,1,1,1,1,1,1,1,1,1,1,1,1,1,,1,1,1,1,1,1,1,,1,1,,,,,,,1,1,1,1,1,1,,1,1,,,,,,1,1,1,1,1,,,,,,,,,,,,1,,,,1,,,,1,,,,1,,1,1,1,,,,1,,,,,,,,,,,,,,1
RMDDL,,,,,,,,1,1,1,,,,,,,,,,,,,,,,,,,,,,,1,,1,,,1,1,,,1,1,1,1,1,1,1,1,,1,1,1,1,1,,1,1,1,,1,1,1,1,1,,1,,,,1,,,,,,,1,1,1,,,1,1,1,,,,,,,,,,1,,1,1,,,,,,,1,,,1,1,1,1,1,1,1,1,1,1,1,,1,1,1,1,1,1,1,1,1,1,1,1,1,1,1,1,1,1,1,1,1,1,1,1,1,1,1,1,1,1,1,1,1,,1,,1,1,,1,,,,,,,1,1,1,1,1,,,,1,1,1,1,1,1,1,1,1,1,1,1,1,1,1,1,1,1,1,1,1,1,1,1,1,1,1,1,1,,1,1,1,1,1,1,1,,1,,,,,,,,,,,,,1
RMDDR,,,,,,,1,,1,1,,,,,,,,,,,,,,,,,,,,,,,,1,1,,,1,1,1,1,1,1,1,1,1,1,1,1,1,,1,1,1,1,1,1,1,1,1,,1,1,1,1,1,,,,1,,,,,,,,1,1,,,,,1,1,,,,1,1,,,,,,,1,1,,1,1,,,,1,,,,1,1,1,1,1,1,1,1,1,1,1,,1,1,1,1,1,1,1,1,1,1,1,1,1,1,1,1,1,1,1,1,1,1,1,1,1,1,1,1,1,1,1,1,1,,,,1,,,,,1,,,,1,1,1,1,1,,,,,1,1,,1,1,1,1,1,1,1,1,1,1,1,1,1,1,1,1,1,1,1,1,1,1,1,1,1,1,,1,1,1,1,1,,,,,,,,,,,,,,,,1
RMDL,,,,,,,1,,,1,,,,,,,,,,,,,,,,1,,,,,,,,,,,,,1,1,1,,,1,1,1,1,,1,1,1,1,,1,1,1,1,1,1,,1,,,,1,,,,,,,,,,,,,1,1,,,,,1,,,,,,,1,,,,1,1,1,1,1,1,,,1,1,1,1,1,,,,,,1,1,,,1,1,1,1,,1,1,1,,1,1,,1,1,1,1,1,1,1,1,1,1,1,1,1,1,1,1,1,1,1,1,,1,,,1,1,,,,,,,,,,1,1,1,1,1,1,1,,,,,1,1,,1,1,1,,,,,1,1,1,1,,1,,,1,1,1,1,,1,,1,1,1,1,1,,1,,1,1,1,1,1,,,,,,,,,,,,,
RMDR,,,,,,,,,1,,,,,,,,,,,,,,,,,,,,,,,,,,,,,,,1,1,,,1,1,1,1,1,,1,,1,1,1,1,,1,1,1,1,1,,,1,,,1,,,,,,,,,,,1,1,,,,,,1,,,1,,,,,,,1,1,1,1,1,1,,1,,,1,1,1,,,,,,1,1,1,,1,1,1,1,1,,1,1,1,1,1,,1,1,1,1,1,1,1,1,1,1,1,1,1,1,1,1,1,1,1,1,,,,,1,1,,,,,,,,,,1,1,1,1,1,1,1,,,,,1,1,,1,1,1,,,,,1,1,1,1,,,1,,1,1,1,1,,,1,,1,1,1,1,,,1,,1,1,1,1,,,,,,,,,,,,,
RMDVL,,,,,,,,1,,1,,,1,,,,,,,,,1,,,,,,,,,,,1,,1,,,1,1,,1,1,1,1,1,1,1,1,1,,,1,1,1,1,,1,1,1,,,1,1,1,1,,1,,,,1,,,,,,,1,1,,1,,1,1,1,,,,,1,,,,,,,1,1,1,,,,,,1,,1,1,1,,1,1,1,1,1,1,1,1,1,1,1,1,,1,1,1,1,1,1,1,1,1,1,1,1,1,1,1,1,1,1,1,1,1,1,1,1,1,1,1,1,1,,1,,,,,,,,,,,,1,1,1,1,1,,,,,1,1,1,1,1,1,1,1,1,1,1,1,1,1,1,1,1,1,1,1,1,1,1,1,1,1,,1,1,1,1,1,1,1,,1,,1,,,,,,,,,,,,,1
RMDVR,,,,,,,1,,1,1,,1,,,,,,,,1,,,,,1,,,,,,,,,1,1,,,1,1,,1,1,1,1,1,1,1,1,1,,,1,1,1,1,1,1,1,1,,,1,1,1,1,1,,,,,,1,,,,,,,1,1,,1,,1,1,1,,,1,1,,,,,,,1,1,,1,,,,1,1,1,,1,1,,1,1,1,1,1,1,1,1,1,1,1,1,1,,1,1,1,1,1,1,1,1,1,1,1,1,1,1,1,1,1,1,1,,1,1,1,1,1,1,1,,1,,,,1,1,,,,,,,,,1,1,1,1,,,,,1,1,,1,1,1,,1,1,1,1,1,1,1,1,1,1,1,1,1,1,1,1,1,1,1,1,,1,1,1,1,1,1,1,,1,,,,,,,,,,,,,,1
RMED,,,,,,1,,,,,,,1,,,,,,,,,,,,,,,,,,,,1,1,,,,1,1,1,1,1,1,1,1,1,1,1,1,,,,1,,,,,,,,1,1,1,1,1,,,,,1,1,1,1,,,1,1,,,,,1,,1,1,,,1,,,,,,,,1,1,1,1,1,,,1,1,1,1,1,1,1,,1,1,1,1,1,1,1,1,1,1,,1,1,1,1,1,1,1,1,1,,,,,,,,,1,1,1,1,,,1,1,1,1,1,1,1,1,,,,,,,,,,,,1,1,1,1,1,1,1,,,,,,,1,1,,,1,1,1,1,1,1,,,1,1,1,1,,,,,1,1,1,1,,,,,1,1,,1,,,,,,,,,,,,,,,,,
RMEL,,,,,,,,,,,,,,,,,,,,,,,,,,,,,,,,,1,,,,,1,1,1,1,1,1,1,1,1,,1,,,,,,,,,,1,1,1,1,1,1,1,1,,,,,,,,,,,,,,,,,,,,1,,,1,,,,,,,,1,,,1,,,,1,,1,,,1,1,,1,1,1,1,1,1,,,1,1,1,1,1,1,1,1,1,1,1,,1,1,,,,,,,,,,,,,,,,,1,1,1,1,,1,,,,,,,,,,1,,1,,,1,1,,,,,,,,1,,1,1,1,1,1,1,1,1,1,1,1,1,1,,1,,1,,1,1,1,,,,,,1,,,,,,,,,,,,,,,,,,,
RMER,,,,,,,,,,,,,,,,,,,,,,,,,,,,,,,,,,1,,,,1,1,1,1,1,1,1,1,,1,1,1,,,,,,,,,1,1,1,,1,1,1,1,,,,,,,,,,,,,,,,,,,1,,,,1,,,,,,,,1,,,,1,,,,1,1,,,1,1,,1,1,1,1,1,1,,,1,1,1,1,1,1,1,1,1,1,,1,,1,,,,,,,,,,,,,,,,,1,1,1,1,1,,,,,,,,,,,1,1,1,1,,,,,,,,,,,1,1,,1,1,1,1,1,1,1,1,1,,1,1,1,,1,,,1,1,,,,1,,,,,,,,,,,,,,,,,,,,,,
RMEV,,,,,1,,,,,,1,,,,,1,,1,,,,1,,1,,,,,,,1,,,,1,,,1,1,1,1,1,1,1,1,1,1,1,1,,,1,,,1,,,,,,,1,1,1,1,1,,,,1,1,1,1,1,1,1,1,,,1,,,,1,1,1,,1,,,,,,,,1,1,1,1,1,,,1,1,1,1,1,1,1,1,1,1,1,1,1,1,1,1,1,1,,,1,1,1,1,1,1,1,,1,,1,1,1,,1,,,1,1,,1,1,1,1,1,1,1,1,1,1,1,,1,,,1,1,,1,,,1,1,1,1,1,1,1,,,,,1,,1,1,1,,1,1,1,1,1,1,1,1,1,1,1,1,,,,,1,1,1,1,,,,,,1,1,1,,,,,,,,,,,,,,,,,
RMFL,1,,1,,,1,,,1,1,1,1,,,,,,,1,,,,,1,,1,,,1,,1,1,1,1,1,1,1,,,,,1,,1,1,,1,1,1,1,1,1,1,1,1,1,1,,,1,,1,1,1,1,1,1,,1,1,1,1,,,,,1,1,1,1,1,,,1,1,,,1,,,,,1,,,1,1,1,1,1,,,1,1,1,1,1,,,1,,1,,1,1,1,1,1,1,1,1,1,1,1,1,1,,1,1,1,1,1,1,1,1,1,1,,1,1,1,1,1,1,1,1,1,1,,1,1,,1,1,,,,,,,1,1,,1,1,1,1,1,,1,,,,,1,,1,1,1,1,,,,,,1,,1,,,,,,1,,1,,,,,,1,,1,,,,,,1,,1,,,,,,,,,,,,,1
RMFR,,1,,,,,1,,1,1,,,,,,,,,,,,,,,1,,,,,1,,,1,1,1,1,1,,,,,1,1,1,1,1,1,1,1,,1,1,1,1,1,1,1,1,,,1,1,1,1,1,1,1,,1,1,1,,,,,,1,1,1,,1,1,1,1,1,1,,1,1,1,,,,1,1,1,1,1,1,1,,,1,1,1,1,1,,,1,1,1,1,,1,,1,1,1,1,1,1,1,1,1,,1,,1,1,1,1,1,1,1,1,,1,1,1,1,1,1,1,1,1,1,1,,1,,1,1,1,,1,,,,1,,,,1,1,1,1,1,1,1,,,,,1,1,,1,1,1,,,,,1,,1,1,,,,,1,,1,1,,,,,1,,1,1,,,,,1,,1,1,,,,,,,,,,,,,1
RMHL,,,,,,,1,,1,1,1,,,,,1,,,,,,,,1,,,,,,,,,,,1,1,,1,,,1,1,,,1,1,1,1,1,1,1,1,1,1,1,1,1,1,1,,1,,,,,1,,1,,1,1,,,,,,,1,1,1,1,,,1,1,,,,,,,1,,,1,,1,,,,,,1,1,1,1,1,1,,,,,,1,1,,1,1,1,1,1,1,1,1,,1,,1,1,1,,1,1,1,1,1,1,1,1,1,1,1,1,1,1,1,1,1,1,1,1,,1,1,1,,,,,,,,,1,1,,1,1,1,1,,,,,1,1,1,1,1,1,,,,,,1,,1,,,,,,1,,1,,,,,,1,,1,1,,,,,1,,1,,,,,,,,,,,,,1
RMHR,,,,,,,1,1,1,1,1,,,,,,,,,,,,,,,,,,,,,,,,1,1,1,1,1,1,1,,1,1,1,1,1,1,1,1,1,1,1,1,1,1,1,1,1,1,1,,,,1,1,1,,,1,1,,,,,1,,1,1,1,,1,1,,1,,,1,1,,,,,,1,1,1,1,,,,,1,1,1,1,1,,,1,,,1,1,,1,1,1,1,1,1,1,1,1,,1,1,,1,1,1,1,1,1,1,1,1,1,1,1,1,1,1,1,1,1,1,1,,1,,1,1,1,,,,,,,,,,1,1,1,1,1,1,1,,,,,1,1,1,1,1,1,,,,,1,1,1,1,,,,,1,1,1,1,1,,,,1,1,1,,,,,,,1,1,,,,,,,,,,,,,,1
SIADL,,,,1,,,,1,,1,1,,,,,,,,,,1,1,1,,,,,,,,,,,1,1,,,,,,,1,,1,1,,1,,,,,1,1,1,1,,1,,1,1,1,1,,1,,1,1,,,,1,,,,,1,,1,1,1,1,1,1,1,1,,,1,1,,,,1,,,,1,1,1,1,,,1,,1,1,1,,,1,,,1,,1,,,1,1,1,1,1,1,1,,,,1,1,1,1,1,1,1,1,1,1,1,1,1,1,,1,1,1,1,1,1,,,1,,1,1,,1,1,1,1,,1,1,1,1,1,,,1,,,,,,1,1,1,1,1,1,1,,,,,,,,,,,,,,,,,,,,,,,,,,,,,,,,,,,,,,,,,,,,,1
SIADR,,,1,,,,1,,1,,1,,,,,1,,,,1,,1,,,,,1,,,,,,1,1,1,1,1,,,,,,1,1,,1,,,,,,1,1,1,1,1,,1,1,1,1,,1,,1,1,1,,,1,,1,,,,,1,1,1,1,,1,,1,1,,,1,1,1,,,,1,,1,1,1,1,1,1,,,1,1,1,1,,,1,,,,,,1,1,1,1,1,1,1,1,1,,,,1,1,1,1,1,1,1,1,1,1,1,1,1,,1,1,1,1,1,1,1,,,,1,1,,1,,1,1,1,1,,1,1,1,1,1,1,,,,,,1,,1,1,1,1,1,1,,,,,,,,,,,,,,,,,,,,,,,,,,,,,,,,,,,,,,,,,,,,,1
SIAVL,1,,,,,,1,,1,,1,,,1,,1,,,,,,,,,,1,,,,,,,1,1,1,,,,,1,,1,,1,,,,1,,1,,1,1,1,1,1,1,1,,1,,,,1,,1,,1,,,1,,,1,,,,1,1,1,1,,1,1,1,1,,1,1,1,,,1,,,,1,1,1,,1,,1,,,1,1,,,,,,1,,1,,1,1,1,1,1,1,1,1,,,,1,1,1,1,1,1,1,,,1,1,1,1,1,1,1,,1,1,,1,,,1,,1,1,1,,,1,1,,1,,1,1,1,,,,1,,1,,1,,1,1,1,1,1,,,,,,,,,,,,,,,,,,,,1,,,,1,,,,1,,,,1,,,,,,,,,,,,,,1
SIAVR,,1,,,,,,1,,1,1,,1,,,,1,,,,,,,,,1,,1,,1,,,,,1,1,1,,,,1,,1,,1,,,,1,,1,1,1,1,1,,1,,1,,1,,,,1,,1,,1,1,,,,,1,,1,1,1,1,1,1,,1,1,,,1,1,1,1,1,,1,1,1,1,1,,1,,,,1,1,1,1,,,,,,,1,,1,1,1,1,1,1,1,1,1,,,,,1,1,1,1,1,1,,,1,1,1,1,1,1,,1,1,1,1,1,,,,1,,1,,1,,,,1,,1,,1,1,1,,1,,1,,,,,1,1,,1,,1,,,,,,,,,,,,1,,,,,,,,,,,,1,,,,,,,,1,,,,,,,,,,,,,1
SIBDL,1,,,1,1,,1,1,,1,1,,1,,,,1,1,,,1,1,1,1,,,,1,1,,1,,1,1,1,,1,,,1,,1,,1,1,,,1,,1,,1,1,1,1,,1,1,1,1,1,1,1,1,,1,1,,,1,1,1,1,1,,1,1,1,1,1,1,1,1,,1,,,,1,1,,,,1,1,,1,1,1,1,1,,1,1,,1,1,,,,,,1,,1,,1,1,1,1,1,1,1,1,,,,1,1,,1,1,1,1,1,1,,1,1,1,1,1,1,1,1,1,1,1,,,1,,1,1,,1,1,1,1,,1,1,1,1,1,,,1,1,,,,,1,1,1,1,,1,1,,,1,,,,1,,,,1,,,,1,,,,1,,,,1,,1,1,1,,,,1,,,,,,,,,,,,,,1
SIBDR,,1,1,,,1,1,1,1,,1,,1,,,1,1,,1,1,1,1,1,,1,1,1,,,1,,1,1,1,1,,1,,,,1,,1,1,1,,,,1,,1,1,1,1,1,,1,1,1,1,,1,1,,1,1,1,,,1,1,1,1,1,1,1,1,1,1,1,1,1,1,1,,1,1,1,1,1,,1,,1,1,1,1,1,,1,,,,,,1,1,,1,1,,,,1,,1,1,1,1,1,1,1,1,1,,,,,,1,1,1,1,1,1,1,1,,1,1,1,1,1,1,1,1,1,1,,1,,1,1,,1,,1,1,1,1,1,1,1,1,1,1,1,,,1,1,,1,,1,1,1,1,1,1,,,,1,,,,1,,,,1,,,,1,,,,1,,,,1,,,,1,,,,1,,,,,,,,,,,,,1
SIBVL,1,,1,,,,1,1,1,,1,,,,1,1,1,,,,,,,,,1,,,,,,,1,1,1,1,,1,,1,1,1,1,1,1,1,,1,1,1,1,1,1,1,1,,1,1,1,1,1,,1,1,1,1,1,,,1,1,,,,,,1,1,1,1,1,1,1,1,1,1,1,,1,1,1,1,1,1,1,,1,1,1,1,,,1,1,1,1,1,,1,1,1,,1,1,1,1,1,1,1,1,1,1,1,1,1,,,,1,1,1,1,1,1,1,1,1,1,,1,1,1,1,1,1,1,1,1,1,,1,1,1,1,,1,,1,,1,1,1,,1,1,,1,1,1,1,,,,1,1,1,1,1,1,1,1,,,,,,,,1,,,,1,,,,,,,,1,,,,1,1,,,1,,,,,,,,,,,,,,,,1
SIBVR,1,1,,,,,1,1,,1,1,,1,1,,1,1,,,,,,,,,1,1,1,,,,,1,1,1,1,1,,1,1,1,1,1,1,1,,1,1,1,1,,1,1,1,1,1,1,1,1,1,1,1,1,1,1,1,1,,,1,1,,,,,1,1,1,1,1,1,1,1,1,1,1,,1,1,1,1,1,1,1,1,1,1,1,1,1,1,,,1,1,1,1,1,1,1,,,1,1,1,1,1,1,1,1,1,1,1,1,1,,,1,1,1,1,1,1,1,1,1,1,1,1,,1,1,1,1,1,1,1,1,,1,1,1,1,1,1,,,1,1,1,1,1,1,1,1,1,,1,1,1,1,,1,,1,1,1,1,1,1,,,,,,1,,,,1,,,,1,,,,1,,,,1,,,1,1,,,,1,,,,,,,,,,,,,,,1
SMBDL,1,,,,,,,1,,1,1,1,,,,1,,,,,1,,,,,1,1,,1,,,,,,1,1,1,,1,1,,1,,1,1,,1,,,1,,1,1,1,1,,1,1,1,1,1,1,,1,,1,1,,,,1,,1,1,1,1,1,1,1,1,1,,1,1,1,,1,1,1,,,,1,,1,1,1,1,1,,,1,1,1,1,1,1,,1,1,,1,,,1,,1,1,1,1,1,1,1,1,1,,,1,1,1,1,1,1,,1,1,1,1,1,1,1,1,1,1,1,,1,1,,1,1,,1,1,,1,1,,1,,1,1,1,1,1,,1,1,,,,,,,1,1,1,1,1,1,1,1,,,,1,,,1,1,,,,1,,,1,1,,,,1,,,1,1,1,,,1,,,,1,,,,,,,,,,,1
SMBDR,,1,,,,,1,,1,,1,,1,,,,1,,,1,,,,,,1,,1,,1,,,,1,1,1,1,1,,,,,1,1,,1,,,,,1,1,1,1,1,1,,1,1,1,,,1,,1,1,1,,,1,,,,1,1,1,1,1,1,1,1,1,,1,1,1,,1,1,1,,,,1,1,1,1,1,,1,1,,1,1,1,,1,,,1,1,,,1,,1,1,1,1,1,1,1,1,1,1,,,,1,1,1,1,,1,1,1,1,1,1,1,1,1,1,1,1,1,1,1,1,1,,1,1,1,1,,1,1,,1,,,1,1,1,1,1,1,,,,,,,1,1,1,1,1,1,1,1,,,1,,,,1,1,,,1,,,,1,,,,1,,,,1,1,,,1,,,,,,,,,,,,,,,,1
SMBVL,1,,1,,1,,,,1,,1,1,,1,,1,,,,1,,1,,,,,1,,1,,,,,,1,,,,,1,,,,1,,,,1,,1,,1,1,,1,1,,1,,1,,,,1,,1,,1,,1,,,,1,1,1,1,1,1,1,1,,1,1,1,1,,1,1,,,,1,1,1,1,1,1,,,1,,1,1,1,1,1,,,1,,,1,,1,,,1,1,1,1,1,1,1,,,,1,1,1,1,1,1,1,1,,1,1,1,1,1,1,1,1,1,1,,1,,,,,1,1,1,,1,1,1,,1,,1,1,1,,,,1,,1,1,1,,1,1,1,1,1,,,,1,,,,1,,,,1,,,,1,,,,1,1,,,1,,,,1,,,,1,,,,,,,,,,,,,,1
SMBVR,,1,,1,,1,,1,,1,1,,1,,1,,1,,1,,1,,1,,,1,,1,,1,,,,,1,1,1,,,,1,,1,,1,,,,1,,1,1,1,1,1,,1,,1,,1,,,,1,,1,,1,1,1,,,,1,1,1,1,1,1,1,1,,1,1,,1,1,1,1,1,,,1,1,1,1,1,,1,,1,1,1,1,,1,,1,1,,,,1,,1,1,,1,1,1,1,1,,,,,1,1,1,1,1,1,1,,1,1,1,1,1,1,1,1,1,1,1,1,,,,,1,1,1,,1,1,1,1,1,,1,,1,1,1,,,,1,1,1,,1,1,1,,1,,1,,,,1,,,,1,,,,1,,,,1,,,1,1,,,,1,,,,1,,,,1,,1,,,,,,,,,,,1
SMDDL,,,,1,,,,1,1,1,,,1,,,,1,,,,1,,1,,,,,1,,,,,,,,,1,,,,1,1,,1,1,,1,,,1,,1,1,1,1,1,1,,1,,1,,1,1,,1,1,,,1,1,,1,,,1,,1,1,1,1,,1,1,1,,,1,,1,,,,1,,1,1,1,1,1,,,1,,1,1,1,,,1,,1,,1,1,1,1,1,1,1,1,1,1,1,1,,,1,1,1,1,1,1,1,1,1,1,1,1,1,1,1,1,1,1,1,1,1,,,,,1,1,,1,1,1,1,1,1,1,1,1,1,1,1,1,1,,,,,1,1,1,1,1,1,1,1,1,1,1,,,,,1,1,1,1,,1,,,1,1,1,,,1,,,1,1,1,1,,,,,,1,,,,,,,,,,,1
SMDDR,,,,,,,1,,1,1,,,,,,1,,,,1,,,1,,,,1,,,,,,,,1,,1,,1,,,,,1,1,1,,,,,1,,1,1,1,1,1,1,,1,,1,,,1,1,1,,,1,1,1,,,,,1,1,1,1,,1,,1,1,,,1,1,1,,,1,,,1,1,1,1,1,,,,1,1,1,1,,,,1,,1,,,1,1,1,1,1,1,1,1,1,1,,,1,1,1,1,1,1,1,1,1,1,1,1,1,,1,1,1,1,1,1,1,,,,,1,,1,,1,1,1,1,1,1,1,1,1,1,1,1,,1,,1,1,,1,1,1,1,1,1,1,1,1,1,,,,,1,1,1,1,1,,,,1,1,,1,1,,,,1,,,,1,,,,,,,,,,,,,,,,1
SMDVL,,,,,1,,1,,1,1,1,,,,1,,1,1,,,,,,1,,1,,,,,,1,1,1,1,1,1,,,1,,,,1,1,1,1,,,,1,1,1,1,1,,1,1,,,,1,,,1,,1,,,1,1,1,1,,,1,1,1,1,1,1,1,1,1,1,,,,,1,,,1,,1,1,1,1,1,1,,,1,1,1,1,1,,,,1,,1,,,,1,1,1,1,1,1,1,1,1,,,1,1,1,1,1,1,1,,1,1,1,1,1,1,1,,1,1,1,1,1,,,,,1,1,,,,,,1,,1,,1,1,1,1,1,1,1,,,,,1,1,1,1,1,1,1,1,1,1,,,,,1,1,1,1,,,,1,1,1,1,1,,,,1,,,1,1,,,,,,,,,,,,,,,,,1
SMDVR,,,,1,,,,1,1,1,1,,,1,,,,,1,,,,,,1,,,,,,,,1,1,1,,,,,,1,,,1,1,,1,,,1,,1,1,1,1,1,1,,1,,1,,1,1,,1,1,,,1,1,1,1,,1,1,1,1,1,1,1,1,1,1,1,1,,1,,1,,,1,,,1,1,1,1,1,,,1,1,1,1,1,,,,1,1,,1,1,1,1,1,1,1,1,1,1,1,1,,,1,1,1,1,1,1,1,1,1,1,1,1,1,1,1,1,,1,1,1,1,,1,,,1,1,,,,1,1,,1,,1,1,1,1,,1,1,1,1,,,,1,1,1,1,1,1,1,1,1,1,,,,,1,1,1,1,,,1,,1,1,1,1,,,1,,,,1,,,,1,,,,,,,,,,,,,,1
URADL,,,1,,,,,,,,,,,,,,,1,,1,,1,,1,,,,,,,1,1,1,,,,,1,,1,,,,1,,1,,,,,,,,,,,,,,1,,1,,,,1,,,,,,1,1,,,,,1,,1,1,1,,,,1,,,1,1,1,1,,,1,,,,1,,1,,1,,1,,,1,,,1,,1,,1,,1,1,1,1,,,1,1,1,1,1,1,,,1,,,,,,,,1,,,1,,,,,,,,,1,,,,1,,1,,,1,,1,1,,,1,1,,,,,,,,1,1,,1,,,1,1,,,1,,1,,1,1,,,1,,,,,,,,,,,,,,,,,,,,,,,,,,,,,,,,
URADR,,,,,,,,,,,1,,1,,,,1,,1,,,,1,,1,,,,,,1,1,,,1,,,,1,,1,,,,1,,1,,,,,,,1,,,,,,,1,,1,,,1,1,,,1,,1,1,,,,1,,1,1,1,1,1,,,1,1,1,1,,1,1,,,1,1,,,,,,1,,1,1,,,1,1,,,1,,1,,,1,1,1,1,1,,1,1,1,1,1,1,1,1,1,1,,,,,,1,,1,1,1,,,,,,1,,,,,,,,1,1,1,1,1,1,1,1,1,1,1,,1,,,,,,1,1,1,,,,,1,1,,,,1,,1,1,1,,,,1,,,,,,,,,,,,,,,,,,,,,,,,,,,,,,,
URAVL,,,,,,,,,,,1,,,,,,,,,,,,,,,,,,,,,,,1,1,,,,,1,,1,,1,,,,1,,,,1,,,,,,,,1,,,,1,,1,,,,,1,,,,,,,,1,,1,,,,,,,1,,,,,1,,1,1,1,,1,,,,1,,1,1,1,1,,1,1,,1,,1,,,1,1,1,,,1,1,1,1,1,1,1,,1,,1,,1,,1,,1,1,1,,,,,,,,1,,,,,,,,,,,,,,,,,1,,,1,,,,,,1,1,,1,,,,,1,,1,,1,,,,1,,,,1,,,,,,,,1,,,,,,,,,,,,,,,,,,,,,,
URAVR,,,,,,,,,,,1,,,,,,,,,,,,,,,,,,,,,,1,,1,,,,,,1,,1,,1,,1,,1,,,,1,,,,,,1,,1,,,,1,,1,,,1,,,,,,,,1,,1,,,,,,,,1,,,,,,1,1,1,,1,,1,,,,1,1,,1,,1,,,1,,1,,1,1,,1,1,,,1,,1,1,1,1,,1,,1,,1,,1,,1,1,1,,1,,1,,,,,,,,,,,,,,,,,,,,,1,1,,,,1,,,,,1,1,,1,,,,,,1,,1,,1,,,,1,,,,1,,,,1,,,,,,,,,,,,,,,,,,,,,,,,,
ADEL,,,1,,,,1,,1,,1,,,,,,,1,,1,,1,1,,,1,,,,,,,,,1,1,1,,,1,,,,1,,,,,,1,,1,1,1,1,1,1,1,,1,,,,,,1,1,,,,1,1,,,,1,,1,1,,1,1,1,1,1,1,,1,1,1,1,,1,1,1,1,1,,,,1,,1,1,1,,1,,,1,1,,1,,,,1,1,,1,1,1,,1,,,1,1,1,1,1,1,1,1,1,,1,1,1,1,1,1,1,1,1,1,1,1,,,,,,1,,,1,1,1,1,,1,,1,1,1,1,,1,,1,,1,,1,,1,1,1,,,,,,1,,1,,,,,,1,,1,,,,,,1,,,,,,,,,,,,,,,,,,,,,,,,1
ADER,,,,1,,,,1,,1,1,,,,,,,,,,1,,,,,1,,,,,,,,,1,1,1,,,,1,,,,1,,,,,,1,1,1,1,1,,1,,1,,1,,,,,1,1,,,,,,1,1,1,1,1,1,1,,,,1,1,1,1,1,1,1,1,,1,,1,1,1,,1,,,,1,1,1,1,1,1,,,,,1,,1,,,1,1,1,,1,1,1,,,1,,,1,1,1,1,1,,1,1,1,,1,1,1,1,1,1,1,,1,1,,,,,1,,,,1,,1,,1,,1,1,1,1,,1,,1,1,,1,1,,,,1,,1,,,,,,,,,,,,,,1,,1,,,,,,,,,,,,,,,,,,,,,,,,,,,,,1
AIML,1,,1,,,,1,,1,,,1,,1,,1,,1,,1,1,1,1,1,,,1,,1,,1,,,,1,,,1,,1,,,,1,,1,,,,,,,,,1,,,1,,1,,1,,,,1,,1,,1,,,,1,,1,,,,1,1,1,1,1,1,1,1,,1,,,1,,,1,,,,,,1,1,1,,,,,,,,1,,,,,,,,,,,,,,,,,1,,,1,,,1,1,,,1,,1,,1,1,,,1,,,1,,,,,,,1,1,1,1,1,1,1,1,1,1,,1,,1,,1,1,1,1,1,,1,,1,,,,,,,,,,,,,,,,,,,,,,,,,,,,,,,,,,,,,,,,,,,,,,1
AIMR,,1,,,,,,1,,1,,,1,,1,1,1,,1,1,1,1,1,,1,1,1,1,,1,1,1,,,1,,1,,1,,1,,,,1,,1,,,,,,,1,,,1,,1,,1,,1,,,,1,1,1,,1,,1,,1,,1,,,1,1,1,1,1,1,,1,1,1,1,1,1,,,1,,,,,,1,1,,,,,,,,,1,1,,1,,,,,1,,,,,,,,,,,1,,,1,,,1,1,,1,,1,,,1,1,,,,,1,,,,,1,,1,1,1,1,1,1,1,,1,,,1,,1,1,1,1,1,,1,,1,,1,,,,,,,,,,,,,,,,,,1,,,,,,,,,,,,,,,,1,,,,,,,,,,,1
ALA,,,1,1,,,1,1,1,1,,1,1,,,,,1,,1,1,1,1,,,,1,1,,,1,1,,,,,,1,1,1,1,,,1,1,1,1,,,,,,,1,1,,,1,1,1,1,1,1,,,,,1,1,1,1,,,,,,,,,,,1,1,1,1,,,,,,,,,,,,,,,,1,,,,,,,,,,1,1,1,1,,,,,1,1,,,,1,,,,,,,,,1,1,,,1,1,,,1,1,1,1,1,1,,,1,1,,,1,1,1,1,,1,1,1,1,1,1,,,,1,1,,,1,1,1,1,,,,,,1,,,,,,,,,,,,,,,,,,,,,,,,,,,,,,,,,1,1,,,,,,,,,,,
AVFL,1,1,1,1,,,1,1,1,1,,1,1,1,,1,1,,,1,1,1,1,,,1,1,1,1,1,,,,,1,,,,,1,1,,,1,1,1,1,,,,,1,1,,1,,,1,,1,1,1,1,,,1,1,1,1,,1,,,,,,1,1,1,1,1,1,1,1,,1,1,,,,1,1,,,,,,,,,1,1,,,,,1,,,,,,1,,,,,,,,,,,1,,,,1,,,,,1,1,1,,1,1,1,1,,1,1,1,1,1,,1,,1,,,1,,1,1,1,,1,1,1,1,1,,1,,,,1,1,1,1,1,1,1,,1,,1,1,,,,,,,,,,,,,,,,,,,,,,,,,,,,,,,,,,,,,,,,,,,,,1
AVFR,,,1,1,,,1,1,1,1,,1,1,1,,1,1,,,1,1,1,1,,,1,1,1,1,1,,,,,1,,,,,1,1,,,1,1,1,1,,,1,,1,1,,,,,,1,1,1,1,1,,,1,1,1,1,1,1,,,,,1,,,1,1,1,1,1,1,1,1,1,,,1,1,1,1,,,,,,,,1,1,1,,,1,1,,,,1,1,1,1,,,,,1,,,,,,,,,1,,,,,1,1,1,,1,1,,1,1,,1,1,1,1,,1,,1,,,1,1,1,1,1,1,,1,1,1,1,,1,,1,,1,1,1,1,1,1,1,,1,1,1,1,,,,,,,,,,,,,,,,,,,,,,,,,,,,,,,,,,,,,,,,,,,,,1
AVHL,1,1,1,1,,1,1,1,1,,1,,1,,,1,1,1,,1,,1,1,,1,1,1,1,1,1,,,1,,1,1,1,1,,,,,,,,1,1,,1,,,,1,,,1,1,1,,1,1,1,,,1,,1,,1,1,1,1,,,1,,1,1,1,1,1,1,1,1,,1,1,1,1,1,1,1,1,1,1,1,,1,,,1,1,,1,1,,1,,,1,1,,,,,,1,,,,,,,,,,,,,1,,,,1,,1,,1,1,1,,1,,1,1,1,1,,1,1,,,1,,1,1,1,1,1,,1,1,1,1,1,1,1,,,1,1,1,1,1,1,1,,1,,1,,,,,,,,,,,,,,,,,,,,,,,,,,,,,,,,,,,,,,,,,,,,,
AVHR,1,1,1,1,1,,1,1,,1,1,1,1,,,1,1,,1,,1,1,,1,,1,1,1,1,1,,1,,1,1,1,,,1,,,,,,,,1,1,,,,1,,,1,1,1,,,1,1,,1,1,,1,,1,,1,,,1,1,,1,1,1,1,1,1,1,1,,1,1,1,,1,1,,1,1,1,1,,1,,,,1,1,1,,1,1,,,,1,,1,,,,,,1,,,,,,,,,,1,1,,,,1,,1,,1,1,1,1,1,,1,,1,1,,1,,1,,,,1,1,1,1,1,1,1,,1,1,1,1,,,1,,,1,1,1,1,1,,1,1,1,,1,,,,,,,,,,,,,,,,1,,,,,,,,,,,,,,,,,,,,,,,,,,,,1
AVJL,,1,1,1,,,1,1,1,,1,1,1,,1,1,1,1,,1,,1,1,1,,1,,,,1,,1,,1,1,1,1,1,,,,,,1,,1,1,,1,,,1,1,,1,,,1,1,1,1,1,1,,1,1,1,,1,1,1,1,,1,1,1,1,1,1,1,1,1,1,1,1,1,1,,1,1,1,1,1,1,1,,,,,,1,1,1,1,1,1,1,,1,1,1,,,,,,1,1,,1,,,,,,,,,1,,,,1,1,,1,1,1,1,1,1,,,1,1,1,1,,1,1,,,1,,1,1,1,1,1,1,1,,1,,1,,1,1,,1,1,1,1,1,1,1,,1,,1,,,,,1,,,,,,,,,,,,,,,,,,,,,,,,,,,,,,,,,,,,,,,,1
AVJR,,1,1,1,,,1,1,1,1,1,1,,,,1,1,,1,,1,1,,,,1,,1,1,,1,1,,,1,1,1,,1,,,,,,1,1,1,1,,,,1,1,,1,1,1,1,,1,1,1,1,1,,1,,1,,,,,1,1,1,,,1,1,1,1,1,1,1,1,1,1,,1,1,1,1,1,1,1,,,,,,1,1,,,1,1,1,1,,1,,1,,,,,,1,,,,,,,,,,,,,,,1,1,1,,1,1,,1,1,1,1,,1,1,,1,1,1,,,,1,1,1,1,1,1,1,1,1,,,1,,,1,1,,1,1,1,1,1,1,1,1,1,,,,,,,,,,,,,,,,,,,,,,,,,,1,,,,,,,,,,,,,,,,,,,,
AVKL,,,,,,,,,,1,1,,,,,,,,,,,,,,,,,,,,,,1,,1,1,1,1,1,,,,,1,1,1,1,1,1,,,1,1,1,1,1,1,1,,1,,1,1,1,1,,1,,,1,1,,,1,,1,1,1,1,1,1,1,,1,1,,,1,1,1,,,1,1,,1,1,1,1,1,,,1,1,1,1,1,,,,1,1,,,,,1,1,,,1,1,,,1,1,1,1,1,1,1,1,1,1,1,1,1,1,1,1,1,1,1,1,1,1,1,1,,1,,,1,1,1,,,,,1,1,,,,1,1,1,1,,1,,,,,1,1,1,1,1,1,,,,,,,,,,,,,,,,,,,,,,,1,1,,,,,,,,,,,,,,,,,,,,,1
AVKR,,,,,,,,,1,,1,,,,,,,,,,,,,,,,,,,,,,,,1,1,1,1,1,,,,1,1,1,1,1,1,1,,,1,1,1,1,1,1,,1,,1,1,1,1,1,1,,1,,1,1,,,1,1,1,1,1,1,1,1,1,1,1,1,1,,1,1,1,,,1,1,,1,1,,1,1,1,,1,1,1,1,1,,,1,1,1,,,,1,1,1,,,1,1,,,1,,1,1,1,1,1,1,1,1,1,1,1,1,1,1,1,1,1,1,1,1,1,1,,1,,1,1,1,1,1,,1,1,1,1,1,1,1,,1,1,1,,1,1,,1,,1,1,1,1,1,1,,,,,,,,,,,,,,,,,,,,,,,1,,,,,,,,,,,,,,,,,,,,,,1
AVL,,,,,,,,,,,1,,,,,,,,,,,,,,,,,,,,,,1,1,,1,1,1,1,1,1,1,1,1,1,1,1,1,1,,,,1,,,1,1,1,1,1,1,1,1,1,1,,,,,1,1,,,,,,1,1,1,1,,1,,1,1,,,1,1,,,,,1,,1,,1,1,1,,,1,1,1,1,1,,,1,1,1,,,1,1,1,1,1,1,1,1,1,,1,1,1,1,1,1,,1,,1,,1,,1,,1,,1,,1,1,1,1,1,1,1,1,1,1,1,,,,,,1,,,,1,1,,,1,1,,,,,,1,1,1,1,1,1,,,,,,,,,,,,,,,,,,,,,,,,,,,,,,,,,,,,,,,,,,,,,1
CEPDL,,,1,,1,,1,,,,,,1,,,1,,1,,1,,,,1,,,,,,,,1,1,,,,,1,,1,,,,1,,1,,,,,,,1,,,,,1,,1,,1,,,,1,,,,,,1,1,1,,,,1,1,,1,1,1,1,1,1,,1,,,1,1,,,1,1,1,1,1,,1,,1,,1,,1,1,1,,1,,1,,,,1,,1,1,1,1,1,1,1,,1,1,1,1,1,1,,1,,,,1,1,,1,1,,,1,1,1,,1,,,,1,,1,,1,,1,1,,1,,1,1,,,1,,,,,,,1,1,1,1,1,,1,1,,,1,,1,,1,1,,,1,,1,,1,,,,1,,1,,1,1,,,1,,,,,,,,,,,,,,,,
CEPDR,,,,,,,,1,,1,,,1,,,,,,1,,1,,,,1,,,,,,1,1,,1,1,,,,1,,,,,,1,,1,,,,,,,,,,,,1,,1,,1,,,1,1,,1,1,,1,1,,,,,1,1,,,1,1,1,1,1,1,1,,1,1,,,,1,1,1,1,,1,,1,,1,1,1,,,1,,,1,,1,,,1,1,1,1,1,1,1,1,1,,,1,1,1,1,1,1,,,1,1,,1,1,1,1,,,1,1,1,1,,1,,,,1,,1,1,,,,1,1,1,1,1,1,1,,,,,,,,1,1,,1,,1,1,1,,,,1,,,1,1,,,,1,,1,1,1,,,,1,,,1,1,,,,1,,,,,,,,,,,,,,,
CEPVL,,,,,1,,1,,,,,1,1,1,,,,1,,1,,1,1,1,,1,,,,,1,1,,1,,,,,,,,1,,1,,,,1,,1,,,,,,1,1,1,,1,,1,,1,,1,,1,,1,,,1,,,,,,,1,1,,1,1,1,1,,1,1,1,1,,,,1,1,1,1,1,,1,,1,,1,,1,1,,,,,1,,1,,,1,1,1,1,1,1,1,1,1,,1,,1,1,1,,,1,,1,,1,1,,,1,,1,,1,1,,,1,,1,,1,,,1,1,,,,1,,,1,,,1,1,,,1,,1,1,1,1,1,,,,1,,1,,1,,,,1,1,1,,1,,,,1,1,,,1,,,,1,,,,1,,,,,,,,,,,,,,1
CEPVR,,1,,1,,1,,1,,,,,1,,1,,1,,1,,1,1,1,,1,1,,,,1,1,1,1,,,,,,,,,,1,,1,,,,1,,1,,1,,,,1,,1,,1,,,,1,,1,,1,,1,1,1,,,,1,,,1,1,1,,1,1,,1,,1,1,1,1,,1,1,1,1,1,,1,,1,,,1,1,,,1,1,,,,1,,1,1,,1,1,1,1,1,1,1,1,,1,1,1,1,1,,,,1,,1,1,1,,,,1,,1,1,1,,,,1,,1,,1,,1,1,1,,1,,1,1,,,,1,1,1,1,,1,1,1,,1,,1,,,1,1,,,,1,,,,1,,1,,1,,,1,1,,1,,1,,,,1,,,,1,,,,,,,,,,,,,
HSNL,,1,1,,,,,1,,,,1,1,,,1,1,,,1,1,1,1,,,,1,1,1,1,,1,,,1,,,,,,,,,1,,,,,,1,,,,,,,1,1,,,1,,,,,1,1,1,1,1,1,,,,,,1,1,1,1,1,1,1,,,1,1,,,,1,1,,,,,,,,,1,1,,,,1,,,,,,,,,,,,,,,,,,,,,,,,,,,,,1,,,1,,1,,,1,1,,,,1,,,,,1,1,1,1,1,1,1,1,1,1,1,,1,,,,,1,,1,1,1,,,1,,1,1,,,,,,,,,,,,,,,,,,,,,,,,,,,,,,,,,,,,,,,,,,,,,1
HSNR,1,1,1,1,,,,,,,,1,1,,1,1,1,,,1,1,1,1,,,1,1,1,1,1,,,,,,,,,,,,,,,,,,,,,,,,,,,,,,1,,1,,,,1,1,1,1,,,,,,,1,1,1,,1,1,,,1,,,1,,1,,1,1,1,,1,,,,,,1,1,,,,,1,,,1,,,,,,,,,,,,,,,,,,,,,,,,,,,,,,,,,1,1,,1,,,,,,,,,1,1,1,1,1,1,1,1,1,,,,,,,1,1,,1,1,,1,,1,1,1,,,,,,,,,,,,,,,,,,,,,,,,,,,,,,,,,,,,,,,,,,,,,
PVQL,1,,1,,,,1,,1,,,1,,1,,1,,1,,1,1,1,1,,,,1,1,1,,1,,,,,,,1,,1,,,,1,,1,,,,,,,,,,,,1,,1,,1,,,,1,,1,1,1,,,,1,,,,1,1,1,1,1,1,1,,1,,,,,1,1,,,,,,,,,1,,,,,1,,,,,1,,1,,,,,,,,,,,,,,,,,,,,,1,1,,,1,,1,,,1,,,1,,,,,,,1,1,1,1,1,1,1,1,1,1,1,,1,,,,1,,1,1,,,1,,1,,1,,,,,,,,,,,,,,,,,,,,,,,,,,,,,,,,,,1,,,,,,,,,,,,1
PVQR,,1,,1,,,,1,,,,,1,,1,1,1,,,1,1,1,1,,,1,1,1,,1,,1,,,1,1,1,,,,1,,,,1,,1,,,,,,,,1,,,,1,,1,,1,,,,1,1,1,,1,,,,1,,1,,1,,1,1,1,,1,,1,,,1,1,1,,,1,,,,,,,1,,,,,1,,,,,1,,1,,,,,1,,,,,,,,,,,,,,1,,,,1,,1,,,,,1,1,,,,,1,,,,1,1,1,1,1,1,1,1,1,1,,,,,,,1,1,1,,,,1,,1,,1,,,,,,,,,,,,,,,,,,,,,,,,,,,,,,,,,,1,,,,,,,,,,,1
RICL,1,1,,1,,,1,1,1,1,1,,1,1,,1,1,,,,,,,,,1,1,1,,1,,,,,1,,1,1,1,1,1,1,1,1,1,1,1,1,1,1,,1,1,1,1,1,1,1,1,1,1,1,,1,1,1,1,1,,1,1,,,,,1,,1,1,1,1,1,1,1,1,1,1,1,1,1,,,1,1,1,,,1,,,1,1,1,1,1,1,1,1,1,,1,,1,1,1,1,1,1,1,1,1,1,1,1,,,,1,1,1,1,1,1,1,1,1,1,1,1,1,1,1,1,1,1,1,1,1,1,1,1,1,1,,1,,,1,1,1,1,1,1,1,1,1,1,1,1,1,,,1,,,1,1,1,1,1,,,,,,,,,1,,,,,,1,1,1,1,1,,,,,,1,1,,,,,1,1,,,,,,,,,,,,,1
RICR,,,,,,,1,1,1,1,1,,1,,1,,1,,,,,,,,1,1,,1,,,,,,,1,1,,1,1,1,1,1,1,1,1,1,1,1,1,,1,1,1,1,1,1,1,1,1,1,1,,1,1,,1,1,,1,1,1,,,,,,1,1,1,1,1,1,1,1,1,,1,1,1,1,1,1,1,1,1,1,1,1,,,,,,,,1,1,1,1,1,,1,1,1,1,1,1,1,1,1,1,1,1,1,,,,,,1,1,1,1,1,1,1,1,1,1,1,1,1,1,1,1,1,1,1,1,1,1,1,,,,1,,,,1,,1,1,1,1,1,1,1,1,1,,1,,1,1,,1,1,1,1,,,,,,,,,1,1,,1,,,,,1,1,,,,,,1,1,1,,,,,,,,,,,,,,,,,,,1
RID,1,,1,,1,1,1,,1,,1,1,1,1,,1,,1,1,,,1,,1,1,1,1,,,,1,1,1,1,1,1,,,,1,,,,1,,1,1,1,,1,,1,1,1,1,1,,1,,1,,1,1,1,,1,,1,,,1,1,1,,1,1,1,1,1,1,1,1,1,1,1,1,,1,1,1,1,1,1,,1,1,1,,1,1,1,,1,1,,1,,1,,1,,1,1,,,,1,1,1,,,,1,,1,,,1,1,,1,1,1,1,1,,1,1,1,1,1,1,1,,1,1,1,1,,,,,1,,1,,,1,1,,1,,1,1,1,1,1,,1,,1,,1,,1,1,1,1,1,,,,,,,,,,,,,,,,,,,,1,,,,,,,,,,,,,,,,,,,,,,,,,,1
RIS,,1,,,,1,,,,,1,,,,,1,1,,,,,,,1,1,1,,,,,,,,,1,1,1,1,1,,,,,1,1,1,1,1,1,,1,,1,1,,1,1,,1,1,,1,1,1,1,,,,1,1,1,1,1,1,1,,,1,1,1,1,1,1,1,1,,1,1,1,1,1,1,1,1,1,1,1,1,1,1,1,1,1,1,1,1,1,,,1,1,1,,,,,1,1,1,1,1,1,1,1,1,1,1,1,1,1,1,1,1,1,1,1,,1,1,1,1,1,1,1,1,1,1,1,1,,1,1,1,1,,1,,,1,1,1,1,1,1,1,1,1,1,1,1,,1,,1,1,1,1,,1,1,,,,,,,,,,,,,,,,,,,,,,,,,,,,,,,,,,,,,,,,,,,,,1
RMGL,1,,1,,,,1,,1,,1,1,,1,,1,,,,1,,1,1,,,1,1,,1,,,,,,1,,,,,1,,,,1,,1,,,,1,,1,1,1,1,1,,1,,1,,,,,,1,,1,,,1,,,1,,1,,1,1,1,1,,1,1,1,1,,1,1,1,1,1,1,,1,1,1,1,1,,1,,1,,,1,1,,,1,,,1,,,,,1,1,1,1,1,1,1,,,1,1,1,1,1,1,1,1,1,,1,1,1,1,1,1,1,,1,1,1,1,,,,,1,,1,,,1,1,,1,,1,1,1,1,1,,1,,1,1,1,,1,1,1,1,,,,,,,1,,1,,,,,,1,,1,,,,,,1,,1,,,,,,1,,1,,,,,,,,,,,,,,1
RMGR,,,,1,,,,1,,1,,,1,,1,,1,,,,1,1,1,,,1,,1,,1,,,,,1,1,,,,,1,,,,1,,1,,,,1,1,1,1,1,,1,,1,,1,,1,,,,1,,1,1,,,,,,,1,1,1,1,1,1,,1,1,,1,1,1,1,1,1,,1,1,1,1,1,,1,,1,,1,,1,1,,,1,,,,1,,,1,,1,1,1,1,1,1,,1,,,1,1,1,1,1,1,,1,1,1,1,1,1,1,,1,1,1,1,1,,,,,,1,,1,1,1,1,1,,1,,1,1,1,,1,,1,1,1,,1,1,1,,1,,,,,,,,,,1,,,,,,1,,1,,,,,,1,,1,,,,,,1,,1,,,,,,,,,,,,,1
BWM-DL01,,,,,,,,,,,,,,,,,,,,,,,,,,,,,,,,,,,,,,1,1,,,,,,,1,,,,,,,,,,,,,,,,1,1,,,,,,,,,,,,,,,,,,,,,,,1,,,,,,,,,1,,,,,,1,,,,1,,,1,1,,1,1,1,1,,,1,,1,1,,,1,,1,1,1,1,,,,,,,,,,,1,,1,1,,,1,1,1,1,1,1,,,,,,,,,,,1,,,,,,1,1,,,,,,,,,,,,,,1,,,1,1,1,,1,1,,,1,1,,,1,1,,,,1,,,1,1,,,,,,,,,,,,,,,,,,,
BWM-DR01,,,,,,,,,,,,,,,,,,,,,,,,,,,,,,,,,,,,,,1,1,,,,,,1,,1,,,,,,,,,,,,,,,1,1,,,,,,,,,,,,,,,,1,,,,,,,,,,,,,,,,1,,,,,,,,,,,,,1,1,,1,1,,,,,,,1,1,,,1,1,1,1,1,1,,,,,,,,,,,,,1,1,,,1,1,1,1,1,1,,,,,,,,,,,,,,,,,1,1,,,,,,,,,,,,,1,,,,1,1,,,1,1,,,1,1,,,1,1,,,1,,,,,1,,,,,,,,,,,,,,,,,,,
BWM-VL01,,,,,,,,,,,,,,,,,,,,,,,,,,,,,,,,,,,,,,,,,,1,,,1,,,1,,,,,,,,,,,,,,,,1,,,,,,,,,,,,,,,,,,,,,,,,,,,,,,,1,,,,,,,,,,1,,,1,,,,,,,1,,,,1,1,,,1,1,1,1,1,1,,,,,,,,,1,,,,,,1,,1,1,1,1,,,1,,,,,,,,,,,,,,,,,,1,1,,,,,,,,,,,,,,1,1,,1,,,,1,1,,,1,,,,1,1,,,,,,,,,,,1,,,,,,,,,,,,,,
BWM-VR01,,,,,,,,,,,,,,,,,,,,,,,,,,,,,,,,,,,,,,,,,,,1,,,,,,1,,,,,,,,,,,,,,,,1,,,,,,,,,,,,,,,,,,,,,,,,,,,,,,1,,1,,,,,,,,1,,,,1,,,,,1,,1,,,1,1,,,1,1,1,1,1,1,,,,,,,,,,1,,,,,,1,1,1,1,1,,,,1,,,,,,,,,,,,,,,,,,1,,,,,,,,,,,,,1,,,,,1,,,1,1,,,,1,,,1,1,,,,1,,,,1,,,,1,,,,,,,,,,,,,
BWM-DL02,,,1,,,,,,,,,,,,,,,,,,,,,,,,,,,,,,,,,,,1,,1,,,,1,,,,1,,,,,,,,,,1,,,,1,,,,,,,,,,,,,,,,,,,,,,,,,,,,,,,,,1,,,,,,,,,,,,,1,,,1,,1,,,,,,1,1,1,1,1,1,1,1,1,1,,1,,1,,,,,,,,,,1,,,,,,,1,,1,,1,,,,,,,,,1,,,,,1,,1,,,,,,,,,,1,,1,1,1,,,,1,,1,1,,,1,,1,,,,,,1,,,,,,,,1,,,,,,,,,,,,,,,,
BWM-DR02,,,,,,,,1,,,,,,,,,,,,,,,,,,,,,,,,,,,,,,,1,,1,,,,1,,,,,,,,,,,,,,1,,,,1,,,,,,,,,,,,,,,,,,,,,,,,,,,,,,,,,,,,,,,,,,,,,,1,,,1,,1,,,,,1,1,1,1,1,1,1,1,1,1,1,,1,1,,,,,,,,1,1,,,,,,,,,1,,1,,,,,,,,,,,,,,,,1,,,,,,,,,,,,,1,1,,,,,,1,1,1,,,,1,,1,,1,,,,1,,,,,,,,1,,,,,,,,,,,,,,,
BWM-VL02,,,,,,,,,,,,,,,,,,,,,,,,,,,,,,,,,,,,,,,,1,,1,,1,,,,1,,,,,,,,,,1,,,,1,,,,,,,,,,,,,,,,,,,,,,,,,,,,,,,,,1,,,,,,,,,,,,,1,,,,,1,,1,,,,1,1,1,1,1,1,,1,1,1,,1,,1,,,,,1,,,,,,1,,,,,,1,,1,,1,,,,,,,,,,,,,,1,,1,,,,,,,,,,1,,1,,1,,1,,,,,,1,,1,,1,,,,,,,,1,,,,,,,,1,,,,,,,,,,,,,,
BWM-VR02,,,,,,,,,,,,,,,,,,,,,,,,,,,,,,,,,,,,,,,,,1,,1,,1,,,,,,,,,,,,,,1,,,,,,,,,,,,,,,,,,,,,,,,,,,,,,,,,,,,1,,,,,,,,,,,,,,1,,,,,1,,1,,,1,1,1,1,1,1,,1,1,1,1,1,1,1,,,,,,1,,,,,,1,,,,,,1,,1,,,,,,,,,,,,,,,,,,1,,,,,,,,,,1,,,,1,,1,,,,,,1,,1,,1,,,,,,,,1,,,,1,,,,1,,,,,,,,,,,,,
BWM-DL03,,,,,,,,,,,,,,,,,,,,,,,,,,,,,,,,,,,,,,,1,,,,,,,1,,,,,,,,,,,,,,,,1,1,,,,,,,,,,,,,,,,,,,,,,,1,,,,1,,,,,1,,,,,,,,,,1,,,,,,1,1,,,,,1,,1,1,,,1,1,1,1,1,1,,,,,,,,,,,1,,1,1,,,1,1,1,1,1,1,,,,,,,,,,,,,,,,,1,1,,,,,,,1,1,,,,,1,1,,,1,1,,,,1,,,,,,,1,1,,,,,,,1,1,,,,,,,,,,,,,,,,,,,
BWM-DR03,,,,,,,,,,,,,,,,,,,,,,,,,,,,,,,,,,,,,,,1,,,,,,1,1,,,,,,,,,,,,,,,,1,1,,,,,,,,,,,,,,,,1,,,,,,,,,,,,,,,,1,,1,,,,,,,,,,,1,,,1,1,,,,,,,1,1,1,,1,1,1,1,,1,,,,,,,,,,,,1,1,1,,,1,1,1,1,1,1,,,,,,,,,,,,,,,,,1,1,,,,,,,,1,,,,,1,1,,,1,1,,,1,,,,,,,,1,1,,,,,,,1,1,,,,,,,,,,,,,,,,,,,
BWM-VL03,,,,,,,,,,,,,,,,,,,,,,,,,,,,,,,,,,,,,,,,,,1,,1,,,,,,,,,,,,,,,,,,,,1,,,,,,,,,,,,,,,,,,,,,,,,,,,,,,,1,,,1,,,,,,,1,,,1,,,,,,,1,,1,1,1,1,,1,1,1,1,1,1,1,,,,,,,,,1,,,,,,1,,1,1,1,1,,,1,,,,,,,,,,,,,,,,,,1,,,,,,,,,,,,,,1,1,,,1,,,,,1,,,1,,,,1,1,,,,,,,1,1,,,,,,,,,,,,,,,,,
BWM-VR03,,,,,,,,,,,,,,,,,,,,,,,,,,,,,,,,,,,,,,,,,,,1,1,1,,,,1,,,,1,,,,,,,,,,,1,1,,,,,,,,,,,,,,,,,,,,,,1,,,,,,,,1,,1,1,,,,,,,1,,,,1,,,,,,,1,1,,1,1,,,1,1,1,1,1,1,,,,,,,,1,,1,,,,,,1,1,1,1,1,,,,1,,,,,,,,,,,,,,,,,1,1,,,,,,1,,,,,,,1,1,,,,1,,,1,,,,,,,,1,1,,,,1,,,1,1,,,,1,,,,,,,,,,,,,1
BWM-DL04,,,,,,,1,,,,,,,,,,,,,,,,,,,,,,,,,,,,,,,,,1,,,,,,,,,,,,,,1,,,,1,,,,,,,,,,,,,,,,,,,,,1,,,,,,,1,,,,,,,,,1,,,1,,,1,,,,,,1,,,,1,,1,,,,,,1,1,1,1,1,1,,,1,,,1,,1,,,,,,,1,,,1,,,,1,,,1,,,,1,,,,,,,,,,,,,,1,,1,,,,,,,,,,1,,1,1,,,1,,1,,,,,,,,1,,,,,,1,,1,,,,,,1,,,,,,,,,,,,,,,,
BWM-DR04,,,,,,,,1,,1,,,,,,,,,,,,,,,,,,,,,,,,,,,,,,,1,,,,1,,1,,,,,,,,1,,,,1,,1,,,,,,,,,,,,,,,,,,,,,,,,,,1,,,,1,,,,1,,1,,,,,1,,,,1,,,1,,,1,,1,,,,,1,1,1,1,1,1,,1,,,1,,1,1,,,,,,,,1,1,,,,1,,,,,1,,,,1,,,,,,,,,,,,,,1,,1,,,,,,,,,,1,1,1,,,,1,,1,,,,,,,,1,,,,,,1,,,,,,,,1,,,,,,,,,,,,,,,
BWM-VL04,,,,,,,1,,,,,,,,,,,,,,,,,,,1,,,,,,,,,,,,,,1,,,,,,,,,,1,,,,,,1,,1,,1,,,,,,1,,,,,,,,,,,,,,1,,,,,,,,,,,,,,,1,,,1,,,,,,,,,1,,,,,,1,,1,,,1,1,1,1,1,1,1,,,1,,,1,,1,,,,,1,,,,,,1,,,,,1,,,1,,1,,,,,,,,,,,,,,1,,1,,,,,,1,,,,1,,,,1,,1,,1,,,,1,,1,,,,,,,,1,,1,,,,,,1,,1,,,,,,,,,,,,,,
BWM-VR04,,,,,,,,,,,,,,,,,,,,,,,,,,,,,,,,,,,,,,,,,,,,,1,,,,1,,1,,1,,,,,,1,,1,,,,,,1,,,,,,,,,,,,,,,,,,,,,,,,,1,,,1,,1,,,,,,,,,1,,,1,,,,,1,,1,1,,1,1,1,1,1,1,,1,,,1,1,1,1,,,,,,1,,,,,,1,,,1,,,,,1,,1,,,,,,,,,,,,,,1,,1,,,,,1,,,,,1,,,,1,,1,,1,,,,,,1,,,,,,,,1,,1,,,,1,,1,,1,,,,,,,,,,,,,
BWM-DL05,,,,,,,,,,,,,,,,,,,,,,,,,,,,,,,,,,,,,,,,,,,,,,,,,,,,,,,,,,,,,,1,,,,,,,,,,,,,,,,,,,,,,,,1,1,,,,,,,,1,,1,1,,,,,,,,,,,,,,,,,,,1,,1,1,,,1,1,1,,,1,,,,1,,,,,,,,,1,1,,,1,1,1,1,,,,,,,,,,,,,1,,,,,,1,1,,,,,,,1,1,,,,,1,1,,,,,,,1,1,,,,,,,,1,,,,,,,1,1,,,,,,,,,,,,,,,,,,,
BWM-DR05,,,,,,,,,,,,,,,,,,,,,,,,,,,,,,,,,,,,,,,,,,,,,,,,,,,,,,,,,,,,,,,1,,,,,,,,,,,,,,,,1,,,,,,,,1,,,,,,,,,,1,,,,,1,,,,,,,,,,,,,,,1,,1,1,1,,1,1,1,1,1,1,,,,,,,,,,,,1,1,,,,1,1,1,1,,,,,,,,1,,,,,,,,,,,,1,,,,,,,1,1,,,,,1,1,,,,1,,,1,1,,,,,,,1,,,,,,,,1,1,,,,,,,,,,,,,,,,,,,
BWM-VL05,,,,,,,,,,,,,,,,,,,,,,,,,,1,,,,,,,,,,,,,,,,,,,,,,,,,,1,,,,1,,,,,,,,1,,,,,,,,,,,,,,,,,,,,,,,,,,,,,,,1,,,1,,,,,,,,,,,,,,,,,,,1,1,1,1,,1,1,1,1,1,1,1,,,,,,,1,,1,,,,,,1,1,1,,1,1,,,,,,,,,,,,,,,,,,,,,1,1,,,,,1,,1,,,,,,1,1,,,,,,,1,1,,,,,,,,1,,,,,,,1,1,,,,,,,,,,,,,,,,,1
BWM-VR05,,,,,,,,,,,,,,,,,,,,,,,,,,,,,,,,,,,,,,,,,,,,,,,,,1,,,,1,,,,,,,,,,,,1,,,,,,,,,,,,,,,,,,,,,,,,,,,,,,1,,1,,,,,,,,,,,,,,,,,,,,1,,1,1,1,,1,1,1,1,,1,,,,,,,,,,1,,,,,1,1,,1,1,1,,,,1,,,,,,,,,,,,,,,,,1,1,,,,,,,,,,,,,1,1,,,,,,,1,1,,,,,,,1,,,,,,,,1,1,,,,,,,,,,,,,,,,,1
BWM-DL06,,,,,,,1,,,,,,,,,,,,,,,,,,,,,,,,,,,,,,,,,,,,,,,,,,,,,,,1,,,,1,,,,,,,,,,,,,,,,,,,,,,,,,,,,1,,,,,1,,,,1,,,1,,,,,,,,,1,,,,,,,,,,,,1,1,1,1,,1,,,,,,1,,1,,,,,,,1,,,1,,,,1,,,,,,,1,,,,,,,,,,,,,,1,,,,,,,,,,,,1,,,1,,,1,,,,,,,,1,,1,,,,,,,,1,,,,,,1,,,,,,,,,,,,,,,,
BWM-DR06,,,,,,,,,,1,,,,,,,,,,,,,,,,,,,,,,,,,,,,,,,,,,,,,,,,,,,,,1,,1,,1,,,,,,,,,,,,,,,,,,,,,,,,,,,,,,,,1,,,,1,,1,,,,,,,,,1,,,,,,,,,,,,,1,1,1,1,1,,,,,,1,,1,1,,,,,,,,1,1,,,,1,,,,,,,,,,,,,,,,,,,,,,,1,,1,,,,,,,,,,1,1,,,,,1,,,,,,,,1,,1,,,,,,,,,,,,,,1,,,,,,,,,,,,,,,
BWM-VL06,,,,,,,,,,,,,,,,,,,,,,,,,,,,,,,,,,,,,,,,,,,,,,,,,,1,,1,,,,,,1,,,,,,,,,,,,,,,,,,,,,,,,,,,,,,,,,,,,,1,,,1,,,,,,,,,1,,,,,,1,,,,,1,,1,1,1,1,1,,,1,,,1,,1,,,1,,1,,,,,,1,,,,,1,,,1,,,,,,,,,,,,,1,1,,1,,1,,,,,,,,,,1,,,,,,,,1,,,,,,1,,1,,,,,,1,,,,,,,,,,1,,,,,,,,,,,,,,
BWM-VR06,,,,,,,,,,,,,,,,,,,,,,,,,,,,,,,,,,,,,,,,,,,,,,,,,1,,1,,1,,,,,,1,,,,,,,,,,,,,,,,,,,,,,,,,,,,,,,,,,,,1,,1,,,,,,,,,1,,,1,,,,,,,,1,,1,,1,1,1,1,,,,,1,1,1,,,,,1,,1,,,,,,1,,,1,,,,,,,,,,,,,,,,,1,,,,,,1,,,,,,1,,,,1,,,,1,,,,1,,,,1,,,,1,,,,,,,,,,,,1,,,,1,,,,,,,,,,,,,
BWM-DL07,,,,,,,,,,,,,,,,,,,,,,,,,,,,,,,,,,,,,,,,,,,,,,,,,,,,,,,,,,,,,,,,,,,,,,,,,,,,,,,,,,,,,,1,,,,,,1,,,1,,1,1,,,,,,,,,,,,,,,,,,,1,1,1,1,,,1,1,1,,,,,,1,,,,,,1,,1,1,1,1,,,1,1,,,,,,,,,,,,,,,,,1,,,,1,1,,,,,,,1,1,,,,,1,,,,,,,,1,1,,,,,,,1,1,,,,,,,,1,,,,,,,,,,,,,,,,,,,
BWM-DR07,,,,,,,,,,,,,,,,,,,,,,,,,,,,,,,,,,,,,,,,,,,,,,,,,,,,,,,,,,,,,,,,,,,,,,,,,,,,,,1,1,,,,,,,,,,,,,,,,,,,1,,,,,,,,,,,,,,,,,,,1,1,1,1,1,,1,1,1,1,,1,,,,,,,,,1,,1,1,1,1,,,1,,,,,,,,,,,,,,,,,,,,,,1,1,,,,,,,1,1,,,,,1,1,,,,,,,1,1,,,,,,,1,1,,,,,,,1,,,,,,,,,,,,,,,,,,,,
BWM-VL07,,,,,,,,,,,,,,,,,,,,,,,,,,,,,,,,,,,,,,,,,,,,1,,,,,,,,1,,,,,,,,,,,,1,,,,,,,,,,,,,,,,,,,,,,,,,,,,,,,,,,1,,,,,,,1,,,,,,,,,,,,1,1,1,1,,1,1,1,,,,1,,,,,,,1,,1,,,,1,,1,,1,,1,1,,,,,,,,,,,,,,,,,,,,,1,,,,,,,,,,,,,,,,,,,,,,1,1,,,,,,,1,1,,,,,,,,1,,,,,,,,,,,,,,,,,1
BWM-VR07,,,,,,,,,,,,,,,,,,,,,,,,,,,,,,,,,,,,,,,,,,,,,,,,,1,,,,1,,,,,,,,,,,,,,,,,,,,,,,,,,,,,,,,,,1,,,,,,,,1,,1,1,,,,,,,,,,,,,,,,,,1,1,,1,1,1,,1,1,1,,,1,,,,,,,,,,1,,,,,,1,1,,1,,,,,,,,,,,,,,,,,,,,,,,1,,,,,,,,,,,,,,1,,,,1,,,1,1,,,,1,,,1,1,,,,1,,,1,,,,,1,,,,,,,,,,,,,1
BWM-DL08,,,,,,,,,,,,,,,,,,,,,,,,,,,,,,,,,,,,,,,,,,,,,,1,,,,,,,,1,,,,1,,,,,,,,,,,,,,,,,,,,,,,,,,,,,,,,,,,,,1,,,,,,,,,,,,1,,,,,,,,,,,,1,1,1,1,,1,,,,,,1,,,,,,,,,1,,,1,,,,1,,,,,,,,,,,,,,,,,,,,,1,,,,,,,,,,,,1,,,,,,1,,,,,,,,1,,1,,,,,,1,,,,,,,,,,,,,,,,,,,,,,,,
BWM-DR08,,,,,,,,,,1,,,,,,,,,,,,,,,,,,,,,,,,,,,,,,,,,,,,,,,,,,,,,1,,,,,,,,,,,,,,,,,,,,,,,,,,,,,,,,1,,,,,,,,1,,,,,,,,,,,1,,,,,,1,,,,,,,1,,1,1,1,,,,,,1,,1,1,,,,,,,,1,1,,,,,,,,,,,,,,,,,,,,,,,,,,,1,,,,,,,,,,,,1,,,,,,1,,,,,,,,1,,1,,,,,,1,,,,,,,,,,,,,,,,,,,,,,,
BWM-VL08,,,,,,,,,,,,,,,,,,,,,,,,,,,,,,,,,,,,,,,,,,,,,,,,1,,1,,1,,,,,,1,,,,,,,,,,,,,,,,,,,,,,,,,,,,,,,,,,,,,1,,,,,,,,,,,,1,,,,,,,,,,,1,,,1,1,,1,,,,,,1,,1,,,1,,1,,,,,,1,,,,,1,,,,,,,,,,,,,,,,,,,,,1,,,,,,1,,,,1,,,,1,,,,1,,,,,,,,1,,,,,,,,1,,,,,,,,,,,,,,,,,,,,,,
BWM-VR08,,,,,,,,,,,,,,,,,,,,,,,,,,,,,,,,,,,,,,,,,,,,,,,,,1,,,,1,,,,,,1,,1,,,,,,1,,,,,,,,,,,,,,,,,,,,,,,,,,,,1,,,,,,,,,,,1,,,,,,,,,,,1,,1,,1,1,1,,,,,,1,1,1,,,,,1,,1,,,,,,1,,,,,,,,,,,,,,,,,,,,,,,,,,1,,,,,1,,,,,1,,,,1,,,,1,,,,1,,,,1,,,,,,,,1,,,,1,,,,,,,,,,,,,,,,,
CANL,,,1,,,,,,,,,,,,,,,,,,,1,1,,,,,,,,,,,,,,,,,1,,,,,,,,,,,,,,1,,,,,,,,,,,,,,,,,,,,,,,,,,,,,,1,,,,,,,,,,,,,,,,,,,,,,,,,,,,,,,,,,,,,,,,,,,,,,,,,,,,,,,,,,,,,,,,,,,,,,,,,1,,,,,,,,,,,,,,,,1,,,,,,,,,,,,,,,,,,,,,,,,,,,,,,,,,,,,,,,,,,,,,,,,,,,,
CANR,,,,1,,,,,,,,,,,,,,,,,1,,,,,,,,,,,,,,,,,,,,1,,,,1,,,,,,,,,,1,,,,1,,,,,,,,,,,,,,,,,,,,,,,,,,1,,,,,,,,,,,,,,,,,,,,,,,,,,,,,1,,,,,,,,,,,,,,,,,,,,,,,,,,,1,,,1,1,,,,,,,,,,,1,1,,,,,,,,,,,,,,,,,1,,,,,,,,,,,,,,,,,,,,,,,,,,,,,,,,,,,,,,,,,,,,,,,,,,,
CEPshDL,,,,,,,,,,,,,,,,,,,,,,,,,,,,,,,,,,,,,,,,,,,,,,,,,,,,,,,,,,,,,,,,,,,,,,,,,,,,,,,,,,,,,,,,,,,,,,,,,,,,,,,,,,,,,,,,,,,,,,,,,,,,,,,,,,,,,,,,,,,,,,,,,,,,,,,,,,,,,,,,,,,,,,,,,,,,,,,,,,,,,,,,,,,,,,,,,,,,,,,,,,,,,,,,,,,,,,,,,,,,,,,,,
CEPshDR,,,,,,,,,,,,,,,,,,,,,,,,,,,,,,,,,,,,,,,,,,,,,,,,,,,,,,,,,,,,,,,,,,,,,,,,,,,,,,,,,,,,,,,,,,,,,,,,,,,,,,,,,,,,,,,,,,,,,,,,,,,,,,,,,,,,,,,,,,,,,,,,,,,,,,,,,,,,,,,,,,,,,,,,,,,,,,,,,,,,,,,,,,,,,,,,,,,,,,,,,,,,,,,,,,,,,,,,,,,,,,,,,
CEPshVL,,,,,,,,,,,,,,,,,,,,,,,,,,,,,,,,,,,,,,,,,,,,,,,,,,,,,,,,,,,,,,,,,,,,,,,,,,,,,,,,,,,,,,,,,,,,,,,,,,,,,,,,,,,,,,,,,,,,,,,,,,,,,,,,,,,,,,,,,,,,,,,,,,,,,,,,,,,,,,,,,,,,,,,,,,,,,,,,,,,,,,,,,,,,,,,,,,,,,,,,,,,,,,,,,,,,,,,,,,,,,,,,,
CEPshVR,,,,,,,,,,,,,,,,,,,,,,,,,,,,,,,,,,,,,,,,,,,,,,,,,,,,,,,,,,,,,,,,,,,,,,,,,,,,,,,,,,,,,,,,,,,,,,,,,,,,,,,,,,,,,,,,,,,,,,,,,,,,,,,,,,,,,,,,,,,,,,,,,,,,,,,,,,,,,,,,,,,,,,,,,,,,,,,,,,,,,,,,,,,,,,,,,,,,,,,,,,,,,,,,,,,,,,,,,,,,,,,,,
GLRDL,,,,,,,,,,,,,,,,,,,,,,,,,,,,,,,,,,,,,,,,,,,,,,,,,,,,,,,,,,,,,,,,,,,,,,,,,,,,,,,,,,,,,,,,,,,,,,,,,,,,,,,,,,,,,,,,,,,,,,,,,,,,,,,,,,,,,,,,,,,,,,,,,,,,,,,,,,,,,,,,,,,,,,,,,,,,,,,,,,,,,,,,,,,,,,,,,,,,,,,,,,,,,,,,,,,,,,,,,,,,,,,,,
GLRDR,,,,,,,,,,,,,,,,,,,,,,,,,,,,,,,,,,,,,,,,,,,,,,,,,,,,,,,,,,,,,,,,,,,,,,,,,,,,,,,,,,,,,,,,,,,,,,,,,,,,,,,,,,,,,,,,,,,,,,,,,,,,,,,,,,,,,,,,,,,,,,,,,,,,,,,,,,,,,,,,,,,,,,,,,,,,,,,,,,,,,,,,,,,,,,,,,,,,,,,,,,,,,,,,,,,,,,,,,,,,,,,,,
GLRL,,,,,,,,,,,,,,,,,,,,,,,,,,,,,,,,,,,,,,,,,,,,,,,,,,,,,,,,,,,,,,,,,,,,,,,,,,,,,,,,,,,,,,,,,,,,,,,,,,,,,,,,,,,,,,,,,,,,,,,,,,,,,,,,,,,,,,,,,,,,,,,,,,,,,,,,,,,,,,,,,,,,,,,,,,,,,,,,,,,,,,,,,,,,,,,,,,,,,,,,,,,,,,,,,,,,,,,,,,,,,,,,,
GLRR,,,,,,,,,,,,,,,,,,,,,,,,,,,,,,,,,,,,,,,,,,,,,,,,,,,,,,,,,,,,,,,,,,,,,,,,,,,,,,,,,,,,,,,,,,,,,,,,,,,,,,,,,,,,,,,,,,,,,,,,,,,,,,,,,,,,,,,,,,,,,,,,,,,,,,,,,,,,,,,,,,,,,,,,,,,,,,,,,,,,,,,,,,,,,,,,,,,,,,,,,,,,,,,,,,,,,,,,,,,,,,,,,
GLRVL,,,,,,,,,,,,,,,,,,,,,,,,,,,,,,,,,,,,,,,,,,,,,,,,,,,,,,,,,,,,,,,,,,,,,,,,,,,,,,,,,,,,,,,,,,,,,,,,,,,,,,,,,,,,,,,,,,,,,,,,,,,,,,,,,,,,,,,,,,,,,,,,,,,,,,,,,,,,,,,,,,,,,,,,,,,,,,,,,,,,,,,,,,,,,,,,,,,,,,,,,,,,,,,,,,,,,,,,,,,,,,,,,
GLRVR,,,,,,,,,,,,,,,,,,,,,,,,,,,,,,,,,,,,,,,,,,,,,,,,,,,,,,,,,,,,,,,,,,,,,,,,,,,,,,,,,,,,,,,,,,,,,,,,,,,,,,,,,,,,,,,,,,,,,,,,,,,,,,,,,,,,,,,,,,,,,,,,,,,,,,,,,,,,,,,,,,,,,,,,,,,,,,,,,,,,,,,,,,,,,,,,,,,,,,,,,,,,,,,,,,,,,,,,,,,,,,,,,
excgl,,,,,,,1,1,,,1,,1,1,1,,,,,,1,,,,,1,,,,,,,,,1,1,,,,,,,,,,,,,,1,1,1,1,1,1,1,1,,,,,,,,,,,1,,,,,,,1,,,,1,1,,1,1,,,1,1,1,1,1,1,1,1,,1,1,1,,,,1,1,1,1,1,,,,,1,,,,,,,1,1,1,1,,,1,1,,,,,1,1,1,1,1,1,1,1,1,1,1,1,1,1,1,1,1,1,1,1,,,,,1,1,1,1,,1,1,,1,1,,1,1,1,,,1,,1,,1,1,1,1,1,1,1,1,,,,,,,,,,,,1,,,,,,,1,1,,,,,,,1,1,,,,,,,,,,,,,,,,,
